"date";"server";"position";"name";"race";"points"
"2025-12-31";"R1";"1";"Lucius";"CAPTEUR D’ESPRIT";"141407655"
"2025-12-31";"R1";"2";"VashTheStampede";"CAPTEUR D’ESPRIT";"140519031"
"2025-12-31";"R1";"3";"vip";"ABSORBEUR";"128895446"
"2025-12-31";"R1";"4";"filou";"ABSORBEUR";"122508256"
"2025-12-31";"R1";"5";"LoPHH";"ABSORBEUR";"115024612"
"2025-12-31";"R1";"6";"Bouloche";"DAMNÉ";"105533266"
"2025-12-31";"R1";"7";"Hyeud";"CAPTEUR D’ESPRIT";"86672713"
"2025-12-31";"R1";"8";"Atomisorix";"ABSORBEUR";"81043032"
"2025-12-31";"R1";"9";"Gros_Pixel";"SEIGNEUR DES BÊTES";"80944738"
"2025-12-31";"R1";"10";"Yanoss";"CAPTEUR D’ESPRIT";"72584157"
"2025-12-31";"R1";"11";"Longdubout";"SEIGNEUR DES BÊTES";"72117846"
"2025-12-31";"R1";"12";"Venom66";"ABSORBEUR";"71615865"
"2025-12-31";"R1";"13";"drakull";"DAMNÉ";"69062946"
"2025-12-31";"R1";"14";"Lillith";"CAPTEUR D’ESPRIT";"68819885"
"2025-12-31";"R1";"15";"Dunkelheit";"ABSORBEUR";"67880110"
"2025-12-31";"R1";"16";"end_die";"CAPTEUR D’ESPRIT";"66753186"
"2025-12-31";"R1";"17";"K3K";"CULTISTE";"66551528"
"2025-12-31";"R1";"18";"Hitsu";"CAPTEUR D’ESPRIT";"62524936"
"2025-12-31";"R1";"19";"TINOU66";"DAMNÉ";"60354558"
"2025-12-31";"R1";"20";"Bfs";"CULTISTE";"56255143"
"2025-12-31";"R1";"21";"Ootsie";"DAMNÉ";"50115212"
"2025-12-31";"R1";"22";"Lucien";"ABSORBEUR";"47568413"
"2025-12-31";"R1";"23";"Zora la mousse";"ABSORBEUR";"47202915"
"2025-12-31";"R1";"24";"Polla";"DAMNÉ";"47129913"
"2025-12-31";"R1";"25";"Gozer";"CULTISTE";"45635137"
"2025-12-31";"R1";"26";"himmortelle";"CAPTEUR D’ESPRIT";"43106673"
"2025-12-31";"R1";"27";"Rampa";"CAPTEUR D’ESPRIT";"42755534"
"2025-12-31";"R1";"28";"jbstar44";"CAPTEUR D’ESPRIT";"42720049"
"2025-12-31";"R1";"29";"red djebel";"DAMNÉ";"42391484"
"2025-12-31";"R1";"30";"Sirius";"DAMNÉ";"41489317"
"2025-12-31";"R1";"31";"lepicard";"ABSORBEUR";"39814252"
"2025-12-31";"R1";"32";"pek";"CULTISTE";"31798032"
"2025-12-31";"R1";"33";"Elvi";"DAMNÉ";"25897227"
"2025-12-31";"R1";"34";"Glen";"CULTISTE";"25715512"
"2025-12-31";"R1";"35";"Trex";"SEIGNEUR DES BÊTES";"25311944"
"2025-12-31";"R1";"36";"the boss29";"ABSORBEUR";"20217702"
"2025-12-31";"R1";"37";"Himotep";"ABSORBEUR";"18170272"
"2025-12-31";"R1";"38";"Oxi";"CULTISTE";"17002313"
"2025-12-31";"R1";"39";"DarKatara";"ABSORBEUR";"16973101"
"2025-12-31";"R1";"40";"Zyon";"ABSORBEUR";"16629403"
"2025-12-31";"R1";"41";"Shadowfax";"SEIGNEUR DES BÊTES";"13144191"
"2025-12-31";"R1";"42";"Sirtus";"CULTISTE";"13109807"
"2025-12-31";"R1";"43";"evaalamer";"CAPTEUR D’ESPRIT";"12125411"
"2025-12-31";"R1";"44";"barracuda61";"DAMNÉ";"10442359"
"2025-12-31";"R1";"45";"Hao";"ABSORBEUR";"10047320"
"2025-12-31";"R1";"46";"Chani";"SEIGNEUR DES BÊTES";"9782322"
"2025-12-31";"R1";"47";"LAPINOU";"DAMNÉ";"9630376"
"2025-12-31";"R1";"48";"liman";"ABSORBEUR";"7883399"
"2025-12-31";"R1";"49";"Ianto";"ABSORBEUR";"7693161"
"2025-12-31";"R1";"50";"Phaedrya";"CAPTEUR D’ESPRIT";"7597138"
"2025-12-31";"R1";"51";"COMANDO";"CULTISTE";"7087816"
"2025-12-31";"R1";"52";"Cabs";"CULTISTE";"6743728"
"2025-12-31";"R1";"53";"Fetide";"ABSORBEUR";"6526602"
"2025-12-31";"R1";"54";"Leeloo";"ABSORBEUR";"6150600"
"2025-12-31";"R1";"55";"Esotrix";"DAMNÉ";"5882039"
"2025-12-31";"R1";"56";"Alustrielle";"CAPTEUR D’ESPRIT";"4971668"
"2025-12-31";"R1";"57";"Cookies";"ABSORBEUR";"4186540"
"2025-12-31";"R1";"58";"Sepultura";"ABSORBEUR";"3120324"
"2025-12-31";"R1";"59";"Arwenia";"ABSORBEUR";"2840510"
"2025-12-31";"R1";"60";"topopobubul";"CULTISTE";"2760072"
"2025-12-31";"R1";"61";"Angel-Lehran";"ABSORBEUR";"2512462"
"2025-12-31";"R1";"62";"Ciprine";"CAPTEUR D’ESPRIT";"2400006"
"2025-12-31";"R1";"63";"Arazorn";"SEIGNEUR DES BÊTES";"2261484"
"2025-12-31";"R1";"64";"Katrina";"CULTISTE";"2127695"
"2025-12-31";"R1";"65";"Fulvia";"CAPTEUR D’ESPRIT";"1944081"
"2025-12-31";"R1";"66";"Aphrodite";"DAMNÉ";"1829087"
"2025-12-31";"R1";"67";"naila";"CAPTEUR D’ESPRIT";"1687874"
"2025-12-31";"R1";"68";"Varüs";"ABSORBEUR";"1670173"
"2025-12-31";"R1";"69";"xeltron";"CULTISTE";"1525676"
"2025-12-31";"R1";"70";"Chrisdiam";"CULTISTE";"1438401"
"2025-12-31";"R1";"71";"freeklane";"DAMNÉ";"1435271"
"2025-12-31";"R1";"72";"Byby";"ABSORBEUR";"1411753"
"2025-12-31";"R1";"73";"latasama";"ABSORBEUR";"1322348"
"2025-12-31";"R1";"74";"LuXiA";"CAPTEUR D’ESPRIT";"1161047"
"2025-12-31";"R1";"75";"Old-One";"CAPTEUR D’ESPRIT";"1117313"
"2025-12-31";"R1";"76";"Drakula";"CAPTEUR D’ESPRIT";"1101637"
"2025-12-31";"R1";"77";"yobiz";"CAPTEUR D’ESPRIT";"1054312"
"2025-12-31";"R1";"78";"Sith";"ABSORBEUR";"1047395"
"2025-12-31";"R1";"79";"Berny";"CULTISTE";"1034483"
"2025-12-31";"R1";"80";"Cosmoï";"ABSORBEUR";"989375"
"2025-12-31";"R1";"81";"tboy 2.0";"ABSORBEUR";"955029"
"2025-12-31";"R1";"82";"Rahinim";"DAMNÉ";"917517"
"2025-12-31";"R1";"83";"Argentoratum";"ABSORBEUR";"896843"
"2025-12-31";"R1";"84";"tatian";"ABSORBEUR";"892990"
"2025-12-31";"R1";"85";"furby";"ABSORBEUR";"845975"
"2025-12-31";"R1";"86";"Sinwar";"DAMNÉ";"845830"
"2025-12-31";"R1";"87";"Dark Oblivion";"ABSORBEUR";"834522"
"2025-12-31";"R1";"88";"very";"DAMNÉ";"744773"
"2025-12-31";"R1";"89";"Arjuna";"CAPTEUR D’ESPRIT";"676563"
"2025-12-31";"R1";"90";"anargh";"CULTISTE";"637631"
"2025-12-31";"R1";"91";"pichon";"ABSORBEUR";"587380"
"2025-12-31";"R1";"92";"Démonbubul";"CULTISTE";"537106"
"2025-12-31";"R1";"93";"Hieros";"CULTISTE";"463474"
"2025-12-31";"R1";"94";"Argawaen";"CAPTEUR D’ESPRIT";"443354"
"2025-12-31";"R1";"95";"OldMaster";"ABSORBEUR";"429991"
"2025-12-31";"R1";"96";"monti";"ABSORBEUR";"409454"
"2025-12-31";"R1";"97";"Ellandir";"ABSORBEUR";"406988"
"2025-12-31";"R1";"98";"Chameleon";"CULTISTE";"399533"
"2025-12-31";"R1";"99";"DeepThroat";"ABSORBEUR";"389086"
"2025-12-31";"R1";"100";"Aiolios";"DAMNÉ";"379659"
"2025-12-31";"R1";"101";"dieu32";"DAMNÉ";"369694"
"2025-12-31";"R1";"102";"tara2";"CULTISTE";"359956"
"2025-12-31";"R1";"103";"elemak";"CULTISTE";"337678"
"2025-12-31";"R1";"104";"Gilgameš";"ABSORBEUR";"326068"
"2025-12-31";"R1";"105";"Kengo";"CULTISTE";"325891"
"2025-12-31";"R1";"106";"Defqon.1";"ABSORBEUR";"319597"
"2025-12-31";"R1";"107";"Blue_Dragonne";"CAPTEUR D’ESPRIT";"308539"
"2025-12-31";"R1";"108";"Calantha";"CAPTEUR D’ESPRIT";"305150"
"2025-12-31";"R1";"109";"demone666";"SEIGNEUR DES BÊTES";"294640"
"2025-12-31";"R1";"110";"Nyhu";"ABSORBEUR";"278454"
"2025-12-31";"R1";"111";"Fyloulik";"CAPTEUR D’ESPRIT";"261854"
"2025-12-31";"R1";"112";"Destiny";"DAMNÉ";"252323"
"2025-12-31";"R1";"113";"Malsaint";"ABSORBEUR";"246460"
"2025-12-31";"R1";"114";"Blademan";"DAMNÉ";"245220"
"2025-12-31";"R1";"115";"Nym";"ABSORBEUR";"242800"
"2025-12-31";"R1";"116";"laguile";"SEIGNEUR DES BÊTES";"239591"
"2025-12-31";"R1";"117";"pierre1098";"DAMNÉ";"231968"
"2025-12-31";"R1";"118";"Tyr60";"DAMNÉ";"227900"
"2025-12-31";"R1";"119";"zombie666";"SEIGNEUR DES BÊTES";"222015"
"2025-12-31";"R1";"120";"bubul666";"ABSORBEUR";"216806"
"2025-12-31";"R1";"121";"alban";"CULTISTE";"212994"
"2025-12-31";"R1";"122";"Katarina";"DAMNÉ";"206644"
"2025-12-31";"R1";"123";"Trillian";"ABSORBEUR";"205202"
"2025-12-31";"R1";"124";"detesta";"ABSORBEUR";"202832"
"2025-12-31";"R1";"125";"bartus";"ABSORBEUR";"201339"
"2025-12-31";"R1";"126";"Ryuk14";"DAMNÉ";"195945"
"2025-12-31";"R1";"127";"matador";"DAMNÉ";"182862"
"2025-12-31";"R1";"128";"Trafalgar D WaterLaw";"SEIGNEUR DES BÊTES";"179733"
"2025-12-31";"R1";"129";"skoriusback";"CAPTEUR D’ESPRIT";"177753"
"2025-12-31";"R1";"130";"Anarion";"ABSORBEUR";"176774"
"2025-12-31";"R1";"131";"Suky";"ABSORBEUR";"168632"
"2025-12-31";"R1";"132";"Octavia";"DAMNÉ";"166367"
"2025-12-31";"R1";"133";"torktotcia";"SEIGNEUR DES BÊTES";"160056"
"2025-12-31";"R1";"134";"Laminateur";"DAMNÉ";"157779"
"2025-12-31";"R1";"135";"Meliodas";"ABSORBEUR";"155549"
"2025-12-31";"R1";"136";"letrans";"ABSORBEUR";"152312"
"2025-12-31";"R1";"137";"frezze";"DAMNÉ";"145903"
"2025-12-31";"R1";"138";"attila311";"SEIGNEUR DES BÊTES";"144557"
"2025-12-31";"R1";"139";"petitelfe";"CAPTEUR D’ESPRIT";"142026"
"2025-12-31";"R1";"140";"cheva";"DAMNÉ";"139532"
"2025-12-31";"R1";"141";"Aelena";"ABSORBEUR";"133688"
"2025-12-31";"R1";"142";"Napoleon";"CULTISTE";"131499"
"2025-12-31";"R1";"143";"Morwon";"CAPTEUR D’ESPRIT";"128016"
"2025-12-31";"R1";"144";"Minerve";"CAPTEUR D’ESPRIT";"126778"
"2025-12-31";"R1";"145";"BOSWER";"ABSORBEUR";"122743"
"2025-12-31";"R1";"146";"LORENZO";"CAPTEUR D’ESPRIT";"119237"
"2025-12-31";"R1";"147";"Greta";"CAPTEUR D’ESPRIT";"119025"
"2025-12-31";"R1";"148";"Negan";"DAMNÉ";"114644"
"2025-12-31";"R1";"149";"aylana";"CAPTEUR D’ESPRIT";"112470"
"2025-12-31";"R1";"150";"zuro";"CAPTEUR D’ESPRIT";"107439"
"2025-12-31";"R1";"151";"Ptitebuse";"CULTISTE";"106985"
"2025-12-31";"R1";"152";"Ozel";"ABSORBEUR";"105173"
"2025-12-31";"R1";"153";"Multi";"CULTISTE";"101221"
"2025-12-31";"R1";"154";"Mr6Pack";"ABSORBEUR";"94387"
"2025-12-31";"R1";"155";"pyrrhos claudia";"CULTISTE";"88910"
"2025-12-31";"R1";"156";"skarnshiva";"DAMNÉ";"87448"
"2025-12-31";"R1";"157";"Specialized666";"DAMNÉ";"86980"
"2025-12-31";"R1";"158";"vanlo";"ABSORBEUR";"84966"
"2025-12-31";"R1";"159";"Garnett";"CULTISTE";"84927"
"2025-12-31";"R1";"160";"tennec1";"DAMNÉ";"84911"
"2025-12-31";"R1";"161";"Aarnold";"CAPTEUR D’ESPRIT";"83456"
"2025-12-31";"R1";"162";"Matias";"CAPTEUR D’ESPRIT";"82921"
"2025-12-31";"R1";"163";"ten shin";"CULTISTE";"78524"
"2025-12-31";"R1";"164";"boub";"DAMNÉ";"75134"
"2025-12-31";"R1";"165";"Balouzaure";"CULTISTE";"74946"
"2025-12-31";"R1";"166";"Purgatory";"DAMNÉ";"74550"
"2025-12-31";"R1";"167";"lovekiller";"CULTISTE";"73018"
"2025-12-31";"R1";"168";"Maximilian";"ABSORBEUR";"70801"
"2025-12-31";"R1";"169";"Left4dead";"CULTISTE";"69432"
"2025-12-31";"R1";"170";"Elspartucus";"CULTISTE";"68706"
"2025-12-31";"R1";"171";"black-54700";"CULTISTE";"68487"
"2025-12-31";"R1";"172";"oim007";"ABSORBEUR";"66070"
"2025-12-31";"R1";"173";"Arbiter";"CULTISTE";"65532"
"2025-12-31";"R1";"174";"Aldebaran";"SEIGNEUR DES BÊTES";"65466"
"2025-12-31";"R1";"175";"Paddy";"DAMNÉ";"63527"
"2025-12-31";"R1";"176";"djedje38";"DAMNÉ";"61030"
"2025-12-31";"R1";"177";"Alexander Corvinus";"ABSORBEUR";"59705"
"2025-12-31";"R1";"178";"Chihiro";"SEIGNEUR DES BÊTES";"56459"
"2025-12-31";"R1";"179";"Raa";"DAMNÉ";"56328"
"2025-12-31";"R1";"180";"dirtydiana";"DAMNÉ";"55120"
"2025-12-31";"R1";"181";"bichettem";"CAPTEUR D’ESPRIT";"52919"
"2025-12-31";"R1";"182";"Eole";"SEIGNEUR DES BÊTES";"51656"
"2025-12-31";"R1";"183";"alinasoif";"CAPTEUR D’ESPRIT";"51136"
"2025-12-31";"R1";"184";"SimpleJ";"DAMNÉ";"50785"
"2025-12-31";"R1";"185";"chrisskiller";"DAMNÉ";"49686"
"2025-12-31";"R1";"186";"wednesday13";"DAMNÉ";"49674"
"2025-12-31";"R1";"187";"Guili";"DAMNÉ";"48142"
"2025-12-31";"R1";"188";"Arn03";"ABSORBEUR";"46841"
"2025-12-31";"R1";"189";"dablheim";"DAMNÉ";"45886"
"2025-12-31";"R1";"190";"Asher";"ABSORBEUR";"44576"
"2025-12-31";"R1";"191";"Yulrich";"DAMNÉ";"43870"
"2025-12-31";"R1";"192";"Siegomix";"CULTISTE";"43330"
"2025-12-31";"R1";"193";"Florimel";"CULTISTE";"43330"
"2025-12-31";"R1";"194";"shakuras";"CAPTEUR D’ESPRIT";"41708"
"2025-12-31";"R1";"195";"Bloodgunn";"ABSORBEUR";"39860"
"2025-12-31";"R1";"196";"DevilMayCry";"DAMNÉ";"39667"
"2025-12-31";"R1";"197";"bagghera63";"CULTISTE";"39356"
"2025-12-31";"R1";"198";"zbougalou";"ABSORBEUR";"39261"
"2025-12-31";"R1";"199";"zae";"CAPTEUR D’ESPRIT";"39200"
"2025-12-31";"R1";"200";"Hillen";"ABSORBEUR";"37516"
"2025-12-31";"R2";"1";"burns";"CAPTEUR D’ESPRIT";"209023027"
"2025-12-31";"R2";"2";"Mugenn";"CAPTEUR D’ESPRIT";"209001563"
"2025-12-31";"R2";"3";"Agon";"CAPTEUR D’ESPRIT";"173303703"
"2025-12-31";"R2";"4";"darkgui";"CAPTEUR D’ESPRIT";"166230524"
"2025-12-31";"R2";"5";"Aidreon";"CAPTEUR D’ESPRIT";"155437156"
"2025-12-31";"R2";"6";"Nicci";"CAPTEUR D’ESPRIT";"148932693"
"2025-12-31";"R2";"7";"iop";"CAPTEUR D’ESPRIT";"147114509"
"2025-12-31";"R2";"8";"juge";"CAPTEUR D’ESPRIT";"140287630"
"2025-12-31";"R2";"9";"nausee";"CAPTEUR D’ESPRIT";"129460827"
"2025-12-31";"R2";"10";"Wolfy";"CAPTEUR D’ESPRIT";"122240063"
"2025-12-31";"R2";"11";"Hitsu005";"CAPTEUR D’ESPRIT";"108365469"
"2025-12-31";"R2";"12";"end_die";"CAPTEUR D’ESPRIT";"102278216"
"2025-12-31";"R2";"13";"Glaucos";"CAPTEUR D’ESPRIT";"101774950"
"2025-12-31";"R2";"14";"Ellundril Chariakin";"CAPTEUR D’ESPRIT";"91193322"
"2025-12-31";"R2";"15";"Velerynne";"CAPTEUR D’ESPRIT";"90538338"
"2025-12-31";"R2";"16";"constantina";"CAPTEUR D’ESPRIT";"88896537"
"2025-12-31";"R2";"17";"PARANOÏA";"ABSORBEUR";"88834859"
"2025-12-31";"R2";"18";"zebecasse";"CAPTEUR D’ESPRIT";"81094089"
"2025-12-31";"R2";"19";"Hoffnung";"ABSORBEUR";"80786088"
"2025-12-31";"R2";"20";"Akhasha";"SEIGNEUR DES BÊTES";"79648458"
"2025-12-31";"R2";"21";"Aka";"CAPTEUR D’ESPRIT";"78627597"
"2025-12-31";"R2";"22";"villot";"CAPTEUR D’ESPRIT";"76752854"
"2025-12-31";"R2";"23";"Chani";"ABSORBEUR";"73994305"
"2025-12-31";"R2";"24";"Ellanna";"CAPTEUR D’ESPRIT";"68031259"
"2025-12-31";"R2";"25";"Mini-pouce";"ABSORBEUR";"59511726"
"2025-12-31";"R2";"26";"sheus";"CULTISTE";"58741146"
"2025-12-31";"R2";"27";"Esteras";"CAPTEUR D’ESPRIT";"55258586"
"2025-12-31";"R2";"28";"MORISSE";"CULTISTE";"46786633"
"2025-12-31";"R2";"29";"OPI2candy";"CULTISTE";"46242750"
"2025-12-31";"R2";"30";"Tehani";"DAMNÉ";"45085604"
"2025-12-31";"R2";"31";"xsatyr";"ABSORBEUR";"44328243"
"2025-12-31";"R2";"32";"Ñëmêsyà";"CAPTEUR D’ESPRIT";"39988239"
"2025-12-31";"R2";"33";"Trex";"SEIGNEUR DES BÊTES";"38734115"
"2025-12-31";"R2";"34";"bloodeur";"CAPTEUR D’ESPRIT";"37397387"
"2025-12-31";"R2";"35";"zalior";"DAMNÉ";"37368529"
"2025-12-31";"R2";"36";"Lleya";"DAMNÉ";"34916013"
"2025-12-31";"R2";"37";"Koreus";"CULTISTE";"34704704"
"2025-12-31";"R2";"38";"Agahnim";"CAPTEUR D’ESPRIT";"30125588"
"2025-12-31";"R2";"39";"OYA";"CAPTEUR D’ESPRIT";"24449881"
"2025-12-31";"R2";"40";"thana-thos";"DAMNÉ";"21543417"
"2025-12-31";"R2";"41";"Ethantra Tarthsemmer";"ABSORBEUR";"20991084"
"2025-12-31";"R2";"42";"petitjesus";"SEIGNEUR DES BÊTES";"14257215"
"2025-12-31";"R2";"43";"DOUDOU";"CULTISTE";"14032274"
"2025-12-31";"R2";"44";"Berny";"ABSORBEUR";"12794439"
"2025-12-31";"R2";"45";"cocobiker";"ABSORBEUR";"12661450"
"2025-12-31";"R2";"46";"Elvi";"DAMNÉ";"11986342"
"2025-12-31";"R2";"47";"DarkSwOrD";"DAMNÉ";"9713789"
"2025-12-31";"R2";"48";"djebel red";"DAMNÉ";"9438141"
"2025-12-31";"R2";"49";"Glen";"DAMNÉ";"9377274"
"2025-12-31";"R2";"50";"angenaja";"CULTISTE";"8546008"
"2025-12-31";"R2";"51";"lestat";"DAMNÉ";"8478877"
"2025-12-31";"R2";"52";"Yopnico";"ABSORBEUR";"6312102"
"2025-12-31";"R2";"53";"vivinou";"CAPTEUR D’ESPRIT";"5984458"
"2025-12-31";"R2";"54";"Zora la mousse";"ABSORBEUR";"5238795"
"2025-12-31";"R2";"55";"Kak";"ABSORBEUR";"4805472"
"2025-12-31";"R2";"56";"Bobus Sanctus";"ABSORBEUR";"4635851"
"2025-12-31";"R2";"57";"GTH";"CAPTEUR D’ESPRIT";"4485472"
"2025-12-31";"R2";"58";"dgestar";"DAMNÉ";"4108510"
"2025-12-31";"R2";"59";"Talysker";"CAPTEUR D’ESPRIT";"4044700"
"2025-12-31";"R2";"60";"Charlotte Katakuri";"ABSORBEUR";"3851342"
"2025-12-31";"R2";"61";"FlashMarcelSatan";"CAPTEUR D’ESPRIT";"3729239"
"2025-12-31";"R2";"62";"T3rr4";"SEIGNEUR DES BÊTES";"2941343"
"2025-12-31";"R2";"63";"Trafalgar D WaterLaw";"ABSORBEUR";"2641428"
"2025-12-31";"R2";"64";"satan2017";"ABSORBEUR";"2570153"
"2025-12-31";"R2";"65";"tilemir";"ABSORBEUR";"2411794"
"2025-12-31";"R2";"66";"NightDeath";"CULTISTE";"2351202"
"2025-12-31";"R2";"67";"DeepThroat";"ABSORBEUR";"1812081"
"2025-12-31";"R2";"68";"btd";"ABSORBEUR";"1803279"
"2025-12-31";"R2";"69";"afk";"SEIGNEUR DES BÊTES";"1751644"
"2025-12-31";"R2";"70";"Sanglior";"ABSORBEUR";"1737410"
"2025-12-31";"R2";"71";"Loot";"CULTISTE";"1619887"
"2025-12-31";"R2";"72";"SnadeR";"ABSORBEUR";"1504415"
"2025-12-31";"R2";"73";"Eskelos";"CULTISTE";"1483103"
"2025-12-31";"R2";"74";"DjToXiC";"CULTISTE";"1482093"
"2025-12-31";"R2";"75";"bacus";"CULTISTE";"1468619"
"2025-12-31";"R2";"76";"Shuri";"CAPTEUR D’ESPRIT";"1369689"
"2025-12-31";"R2";"77";"Nyhu";"CAPTEUR D’ESPRIT";"1309221"
"2025-12-31";"R2";"78";"Rholo";"DAMNÉ";"1257805"
"2025-12-31";"R2";"79";"SHORG";"CAPTEUR D’ESPRIT";"1229828"
"2025-12-31";"R2";"80";"Buzuc";"SEIGNEUR DES BÊTES";"1190528"
"2025-12-31";"R2";"81";"Bashdamn";"CULTISTE";"1170115"
"2025-12-31";"R2";"82";"Flare";"DAMNÉ";"1133966"
"2025-12-31";"R2";"83";"Cai";"ABSORBEUR";"1091304"
"2025-12-31";"R2";"84";"Tiou666";"ABSORBEUR";"1053141"
"2025-12-31";"R2";"85";"Blackmoon";"ABSORBEUR";"1018572"
"2025-12-31";"R2";"86";"lienrag";"ABSORBEUR";"957241"
"2025-12-31";"R2";"87";"gudulffe";"ABSORBEUR";"851802"
"2025-12-31";"R2";"88";"Krøgash";"ABSORBEUR";"851092"
"2025-12-31";"R2";"89";"Toril";"SEIGNEUR DES BÊTES";"814425"
"2025-12-31";"R2";"90";"Eril";"ABSORBEUR";"806263"
"2025-12-31";"R2";"91";"Vorag";"ABSORBEUR";"781773"
"2025-12-31";"R2";"92";"Foladorn";"DAMNÉ";"714121"
"2025-12-31";"R2";"93";"Maruos";"ABSORBEUR";"697244"
"2025-12-31";"R2";"94";"shakira";"SEIGNEUR DES BÊTES";"660139"
"2025-12-31";"R2";"95";"Lynoot";"CAPTEUR D’ESPRIT";"652111"
"2025-12-31";"R2";"96";"eowin59";"DAMNÉ";"648845"
"2025-12-31";"R2";"97";"zentone";"CAPTEUR D’ESPRIT";"586569"
"2025-12-31";"R2";"98";"BrainLess";"DAMNÉ";"566856"
"2025-12-31";"R2";"99";"Yasuo";"ABSORBEUR";"542329"
"2025-12-31";"R2";"100";"Loyd";"DAMNÉ";"539852"
"2025-12-31";"R2";"101";"N3c";"ABSORBEUR";"524630"
"2025-12-31";"R2";"102";"HungariAn";"DAMNÉ";"520047"
"2025-12-31";"R2";"103";"Mendori Sensei";"CAPTEUR D’ESPRIT";"516325"
"2025-12-31";"R2";"104";"Akela";"DAMNÉ";"505559"
"2025-12-31";"R2";"105";"Thyandra";"CAPTEUR D’ESPRIT";"489169"
"2025-12-31";"R2";"106";"binouze";"DAMNÉ";"443457"
"2025-12-31";"R2";"107";"kriss la krass";"ABSORBEUR";"402798"
"2025-12-31";"R2";"108";"Nektùll";"ABSORBEUR";"357451"
"2025-12-31";"R2";"109";"mutafukaz";"CULTISTE";"352776"
"2025-12-31";"R2";"110";"Kuroï";"DAMNÉ";"338037"
"2025-12-31";"R2";"111";"loukic";"ABSORBEUR";"337706"
"2025-12-31";"R2";"112";"Bouh";"DAMNÉ";"331383"
"2025-12-31";"R2";"113";"Dickins";"CULTISTE";"298995"
"2025-12-31";"R2";"114";"Aviliss";"ABSORBEUR";"286592"
"2025-12-31";"R2";"115";"novalie";"CAPTEUR D’ESPRIT";"248828"
"2025-12-31";"R2";"116";"Febril";"CAPTEUR D’ESPRIT";"225533"
"2025-12-31";"R2";"117";"Lasombra";"ABSORBEUR";"225024"
"2025-12-31";"R2";"118";"Genji Shimada";"ABSORBEUR";"219308"
"2025-12-31";"R2";"119";"GaArA-Du-DeSeRt";"ABSORBEUR";"215034"
"2025-12-31";"R2";"120";"namCam";"ABSORBEUR";"214528"
"2025-12-31";"R2";"121";"Yan Fanel";"ABSORBEUR";"212441"
"2025-12-31";"R2";"122";"shogun";"ABSORBEUR";"212419"
"2025-12-31";"R2";"123";"Kaio";"CULTISTE";"211371"
"2025-12-31";"R2";"124";"Tulegorn";"CULTISTE";"191484"
"2025-12-31";"R2";"125";"Jinx";"ABSORBEUR";"178696"
"2025-12-31";"R2";"126";"kankuro";"DAMNÉ";"177455"
"2025-12-31";"R2";"127";"dave31";"CULTISTE";"174818"
"2025-12-31";"R2";"128";"belial";"CULTISTE";"172479"
"2025-12-31";"R2";"129";"Zyb";"DAMNÉ";"161885"
"2025-12-31";"R2";"130";"killer8";"CULTISTE";"157727"
"2025-12-31";"R2";"131";"Belzebuth 666";"CULTISTE";"152528"
"2025-12-31";"R2";"132";"moka-san";"CULTISTE";"151780"
"2025-12-31";"R2";"133";"clelia";"CULTISTE";"150658"
"2025-12-31";"R2";"134";"oim007";"ABSORBEUR";"147625"
"2025-12-31";"R2";"135";"Hell";"CULTISTE";"142215"
"2025-12-31";"R2";"136";"RiddickOne";"DAMNÉ";"142114"
"2025-12-31";"R2";"137";"Nina Adria";"DAMNÉ";"138311"
"2025-12-31";"R2";"138";"Quarra";"ABSORBEUR";"138087"
"2025-12-31";"R2";"139";"Terimaku Khan";"ABSORBEUR";"136720"
"2025-12-31";"R2";"140";"Maeelk";"CULTISTE";"132489"
"2025-12-31";"R2";"141";"Cymbilabe";"DAMNÉ";"131722"
"2025-12-31";"R2";"142";"Petros";"DAMNÉ";"127842"
"2025-12-31";"R2";"143";"Sca";"CULTISTE";"124394"
"2025-12-31";"R2";"144";"Isa";"CAPTEUR D’ESPRIT";"120708"
"2025-12-31";"R2";"145";"Némésis21";"DAMNÉ";"114861"
"2025-12-31";"R2";"146";"Matbak";"CAPTEUR D’ESPRIT";"113836"
"2025-12-31";"R2";"147";"Tot3n";"ABSORBEUR";"113807"
"2025-12-31";"R2";"148";"bones";"DAMNÉ";"113801"
"2025-12-31";"R2";"149";"Calhagan";"ABSORBEUR";"95991"
"2025-12-31";"R2";"150";"Goldeneagle";"CULTISTE";"95685"
"2025-12-31";"R2";"151";"Québec-Broue";"SEIGNEUR DES BÊTES";"92361"
"2025-12-31";"R2";"152";"Zangor";"ABSORBEUR";"88516"
"2025-12-31";"R2";"153";"COCOTTE";"DAMNÉ";"87062"
"2025-12-31";"R2";"154";"Sanaria";"SEIGNEUR DES BÊTES";"83622"
"2025-12-31";"R2";"155";"tatchenka";"DAMNÉ";"83522"
"2025-12-31";"R2";"156";"Mimine";"DAMNÉ";"82129"
"2025-12-31";"R2";"157";"petitelfe";"DAMNÉ";"79945"
"2025-12-31";"R2";"158";"Craddoka";"DAMNÉ";"79930"
"2025-12-31";"R2";"159";"BudoShobu";"ABSORBEUR";"77802"
"2025-12-31";"R2";"160";"Torgull";"DAMNÉ";"76886"
"2025-12-31";"R2";"161";"dicken";"CAPTEUR D’ESPRIT";"75891"
"2025-12-31";"R2";"162";"Brute";"CAPTEUR D’ESPRIT";"73734"
"2025-12-31";"R2";"163";"menolly";"ABSORBEUR";"73386"
"2025-12-31";"R2";"164";"jbstar44";"ABSORBEUR";"73377"
"2025-12-31";"R2";"165";"wylless";"CAPTEUR D’ESPRIT";"72296"
"2025-12-31";"R2";"166";"Shiva";"CULTISTE";"70430"
"2025-12-31";"R2";"167";"pekatre";"ABSORBEUR";"69948"
"2025-12-31";"R2";"168";"Velvet";"ABSORBEUR";"69072"
"2025-12-31";"R2";"169";"MGeorge";"CAPTEUR D’ESPRIT";"68384"
"2025-12-31";"R2";"170";"seigneur dingo";"SEIGNEUR DES BÊTES";"67711"
"2025-12-31";"R2";"171";"Ego";"DAMNÉ";"67553"
"2025-12-31";"R2";"172";"belzebuth";"DAMNÉ";"67385"
"2025-12-31";"R2";"173";"tomtom";"ABSORBEUR";"66589"
"2025-12-31";"R2";"174";"Valrek";"CULTISTE";"62488"
"2025-12-31";"R2";"175";"Guili";"CULTISTE";"62365"
"2025-12-31";"R2";"176";"Carnuss";"CAPTEUR D’ESPRIT";"62011"
"2025-12-31";"R2";"177";"esteban";"DAMNÉ";"61490"
"2025-12-31";"R2";"178";"MalSaint";"ABSORBEUR";"61436"
"2025-12-31";"R2";"179";"der jason";"DAMNÉ";"61045"
"2025-12-31";"R2";"180";"pyrrhos";"ABSORBEUR";"60782"
"2025-12-31";"R2";"181";"ceridwen";"CAPTEUR D’ESPRIT";"60323"
"2025-12-31";"R2";"182";"Karsh";"CULTISTE";"59579"
"2025-12-31";"R2";"183";"lo2";"DAMNÉ";"59055"
"2025-12-31";"R2";"184";"Salomé";"DAMNÉ";"58710"
"2025-12-31";"R2";"185";"Toshiro";"CULTISTE";"58226"
"2025-12-31";"R2";"186";"mumu003";"DAMNÉ";"58205"
"2025-12-31";"R2";"187";"Goudurix";"DAMNÉ";"55806"
"2025-12-31";"R2";"188";"BOSWER";"CULTISTE";"55402"
"2025-12-31";"R2";"189";"Shaera";"CULTISTE";"55083"
"2025-12-31";"R2";"190";"zyvalon";"ABSORBEUR";"54544"
"2025-12-31";"R2";"191";"petittrucdurDTC";"CAPTEUR D’ESPRIT";"53338"
"2025-12-31";"R2";"192";"Athamee";"CULTISTE";"52399"
"2025-12-31";"R2";"193";"Arnita";"ABSORBEUR";"52171"
"2025-12-31";"R2";"194";"jib";"CULTISTE";"51378"
"2025-12-31";"R2";"195";"Naminou";"CAPTEUR D’ESPRIT";"50106"
"2025-12-31";"R2";"196";"Luveryn";"DAMNÉ";"50093"
"2025-12-31";"R2";"197";"Azulnoth";"CULTISTE";"49716"
"2025-12-31";"R2";"198";"kimi";"ABSORBEUR";"49599"
"2025-12-31";"R2";"199";"necroglisseur";"DAMNÉ";"48690"
"2025-12-31";"R2";"200";"mirabelle";"DAMNÉ";"48299"
"2025-12-31";"R4";"1";"Van_Helsing";"CAPTEUR D’ESPRIT";"163480576"
"2025-12-31";"R4";"2";"Van_HeIsing";"CAPTEUR D’ESPRIT";"160663621"
"2025-12-31";"R4";"3";"Vlad Von Carstein";"CAPTEUR D’ESPRIT";"158404188"
"2025-12-31";"R4";"4";"Kaizer";"CAPTEUR D’ESPRIT";"157560395"
"2025-12-31";"R4";"5";"Death";"CAPTEUR D’ESPRIT";"146707061"
"2025-12-31";"R4";"6";"Goldorak";"CAPTEUR D’ESPRIT";"144399347"
"2025-12-31";"R4";"7";"Jasper";"CAPTEUR D’ESPRIT";"140729093"
"2025-12-31";"R4";"8";"madtom";"CAPTEUR D’ESPRIT";"140490772"
"2025-12-31";"R4";"9";"Khaleesi";"CAPTEUR D’ESPRIT";"138338340"
"2025-12-31";"R4";"10";"Xander";"CAPTEUR D’ESPRIT";"138009451"
"2025-12-31";"R4";"11";"yannax";"CAPTEUR D’ESPRIT";"135403393"
"2025-12-31";"R4";"12";"Spiritus";"CAPTEUR D’ESPRIT";"134089553"
"2025-12-31";"R4";"13";"Prozack";"CAPTEUR D’ESPRIT";"132559396"
"2025-12-31";"R4";"14";"garmin";"ABSORBEUR";"131155378"
"2025-12-31";"R4";"15";"Bodhi";"ABSORBEUR";"130723398"
"2025-12-31";"R4";"16";"Dolinne";"DAMNÉ";"130175270"
"2025-12-31";"R4";"17";"Wendy";"CAPTEUR D’ESPRIT";"129995342"
"2025-12-31";"R4";"18";"N3gr0";"CAPTEUR D’ESPRIT";"128764728"
"2025-12-31";"R4";"19";"Lucia";"CAPTEUR D’ESPRIT";"127974808"
"2025-12-31";"R4";"20";"Dwax";"ABSORBEUR";"127340275"
"2025-12-31";"R4";"21";"Kaneki";"CAPTEUR D’ESPRIT";"126453558"
"2025-12-31";"R4";"22";"Darius";"ABSORBEUR";"125755054"
"2025-12-31";"R4";"23";"ombre11";"CAPTEUR D’ESPRIT";"123470766"
"2025-12-31";"R4";"24";"Bouloche";"ABSORBEUR";"123338759"
"2025-12-31";"R4";"25";"Linley94";"ABSORBEUR";"123327279"
"2025-12-31";"R4";"26";"Gerald";"CAPTEUR D’ESPRIT";"122567249"
"2025-12-31";"R4";"27";"Gazielle";"CAPTEUR D’ESPRIT";"119262226"
"2025-12-31";"R4";"28";"Hellman";"ABSORBEUR";"118559406"
"2025-12-31";"R4";"29";"Azrahan";"DAMNÉ";"115752580"
"2025-12-31";"R4";"30";"Marla";"CAPTEUR D’ESPRIT";"115663184"
"2025-12-31";"R4";"31";"Foladorn";"CULTISTE";"114701867"
"2025-12-31";"R4";"32";"Aarawn";"ABSORBEUR";"114512669"
"2025-12-31";"R4";"33";"splatoon";"ABSORBEUR";"112993555"
"2025-12-31";"R4";"34";"RAS681";"DAMNÉ";"111322270"
"2025-12-31";"R4";"35";"Bilitch";"CAPTEUR D’ESPRIT";"109673643"
"2025-12-31";"R4";"36";"Fath";"ABSORBEUR";"108128645"
"2025-12-31";"R4";"37";"DreaM";"DAMNÉ";"106544994"
"2025-12-31";"R4";"38";"Phénicia";"CULTISTE";"105280109"
"2025-12-31";"R4";"39";"Heisenberg";"DAMNÉ";"104531242"
"2025-12-31";"R4";"40";"Viagra";"ABSORBEUR";"101163224"
"2025-12-31";"R4";"41";"Argostre";"CAPTEUR D’ESPRIT";"100920039"
"2025-12-31";"R4";"42";"Kelenn";"CAPTEUR D’ESPRIT";"100697531"
"2025-12-31";"R4";"43";"tidwax";"CAPTEUR D’ESPRIT";"99775473"
"2025-12-31";"R4";"44";"Merlinshadows";"DAMNÉ";"98084314"
"2025-12-31";"R4";"45";"Xylomid";"SEIGNEUR DES BÊTES";"98022098"
"2025-12-31";"R4";"46";"tluesi";"SEIGNEUR DES BÊTES";"97656090"
"2025-12-31";"R4";"47";"Dex-VorTex";"ABSORBEUR";"95619506"
"2025-12-31";"R4";"48";"TheLawyer";"CAPTEUR D’ESPRIT";"94637921"
"2025-12-31";"R4";"49";"binouze";"SEIGNEUR DES BÊTES";"92314183"
"2025-12-31";"R4";"50";"TyIer";"DAMNÉ";"91381687"
"2025-12-31";"R4";"51";"Akisura";"DAMNÉ";"90752268"
"2025-12-31";"R4";"52";"judo062";"DAMNÉ";"90279639"
"2025-12-31";"R4";"53";"KrY";"CULTISTE";"88296473"
"2025-12-31";"R4";"54";"Rowan Mayfair";"CULTISTE";"85160981"
"2025-12-31";"R4";"55";"Adze";"ABSORBEUR";"84070176"
"2025-12-31";"R4";"56";"chimerre";"ABSORBEUR";"79718415"
"2025-12-31";"R4";"57";"HypoToxik";"CAPTEUR D’ESPRIT";"78682010"
"2025-12-31";"R4";"58";"The Master";"ABSORBEUR";"76633189"
"2025-12-31";"R4";"59";"Boruto";"ABSORBEUR";"74831568"
"2025-12-31";"R4";"60";"Phaedrya";"SEIGNEUR DES BÊTES";"73716106"
"2025-12-31";"R4";"61";"Velerynne";"ABSORBEUR";"73233398"
"2025-12-31";"R4";"62";"The Crow";"ABSORBEUR";"71982078"
"2025-12-31";"R4";"63";"M4rius";"ABSORBEUR";"71705101"
"2025-12-31";"R4";"64";"DESTRUCTOR";"SEIGNEUR DES BÊTES";"70994654"
"2025-12-31";"R4";"65";"Eldreth";"ABSORBEUR";"67757535"
"2025-12-31";"R4";"66";"calcal62";"DAMNÉ";"63187252"
"2025-12-31";"R4";"67";"MEKHARE";"DAMNÉ";"57898066"
"2025-12-31";"R4";"68";"bilquet";"CULTISTE";"56354200"
"2025-12-31";"R4";"69";"pigargue";"ABSORBEUR";"55170708"
"2025-12-31";"R4";"70";"wasablamalice";"DAMNÉ";"53560989"
"2025-12-31";"R4";"71";"cassecrane";"SEIGNEUR DES BÊTES";"51162370"
"2025-12-31";"R4";"72";"TAURUS";"DAMNÉ";"50550427"
"2025-12-31";"R4";"73";"Svetlana";"SEIGNEUR DES BÊTES";"49957338"
"2025-12-31";"R4";"74";"Major Mira";"CAPTEUR D’ESPRIT";"47314534"
"2025-12-31";"R4";"75";"Ethan2007";"DAMNÉ";"44113696"
"2025-12-31";"R4";"76";"Canines Mortelles";"SEIGNEUR DES BÊTES";"40350283"
"2025-12-31";"R4";"77";"Yggdrasill";"ABSORBEUR";"34459223"
"2025-12-31";"R4";"78";"Minuit";"ABSORBEUR";"34103873"
"2025-12-31";"R4";"79";"koreus";"ABSORBEUR";"28031243"
"2025-12-31";"R4";"80";"SCA";"SEIGNEUR DES BÊTES";"19500626"
"2025-12-31";"R4";"81";"Chani";"CULTISTE";"18644547"
"2025-12-31";"R4";"82";"DOUDOU";"CULTISTE";"17977991"
"2025-12-31";"R4";"83";"COMMANDO";"CULTISTE";"17473511"
"2025-12-31";"R4";"84";"Ananthia";"CAPTEUR D’ESPRIT";"16142400"
"2025-12-31";"R4";"85";"Arjuju";"CULTISTE";"13507270"
"2025-12-31";"R4";"86";"jbstar44";"CULTISTE";"13383579"
"2025-12-31";"R4";"87";"Yshu";"DAMNÉ";"13196159"
"2025-12-31";"R4";"88";"Ellywën";"DAMNÉ";"12581952"
"2025-12-31";"R4";"89";"Elentia";"DAMNÉ";"12400317"
"2025-12-31";"R4";"90";"Ølympe";"ABSORBEUR";"11680252"
"2025-12-31";"R4";"91";"Ysbaeth";"CULTISTE";"11344845"
"2025-12-31";"R4";"92";"Ferritor";"SEIGNEUR DES BÊTES";"10814297"
"2025-12-31";"R4";"93";"Lydia";"CAPTEUR D’ESPRIT";"10027775"
"2025-12-31";"R4";"94";"Jhern Lockart";"CULTISTE";"10008660"
"2025-12-31";"R4";"95";"Charonne";"ABSORBEUR";"9074740"
"2025-12-31";"R4";"96";"Zender";"ABSORBEUR";"6002656"
"2025-12-31";"R4";"97";"Diana";"DAMNÉ";"5553631"
"2025-12-31";"R4";"98";"Bordrack";"ABSORBEUR";"5144902"
"2025-12-31";"R4";"99";"lachier";"ABSORBEUR";"5093722"
"2025-12-31";"R4";"100";"Z3n";"DAMNÉ";"4220173"
"2025-12-31";"R4";"101";"Grüdü";"DAMNÉ";"4176556"
"2025-12-31";"R4";"102";"berny";"DAMNÉ";"4059667"
"2025-12-31";"R4";"103";"Carfax";"DAMNÉ";"3992863"
"2025-12-31";"R4";"104";"Karadoc";"DAMNÉ";"3878691"
"2025-12-31";"R4";"105";"Whist";"CAPTEUR D’ESPRIT";"3069136"
"2025-12-31";"R4";"106";"GrEgoR La MonTagne";"ABSORBEUR";"3060576"
"2025-12-31";"R4";"107";"Chaostali Wolf";"ABSORBEUR";"3028980"
"2025-12-31";"R4";"108";"Djidane";"CAPTEUR D’ESPRIT";"2921249"
"2025-12-31";"R4";"109";"Lord_GTH";"CULTISTE";"2809133"
"2025-12-31";"R4";"110";"bosiek";"DAMNÉ";"2574814"
"2025-12-31";"R4";"111";"Aloysius83";"ABSORBEUR";"2231992"
"2025-12-31";"R4";"112";"Oden";"CAPTEUR D’ESPRIT";"2034600"
"2025-12-31";"R4";"113";"Shiki ichinose";"ABSORBEUR";"1781574"
"2025-12-31";"R4";"114";"jphilipe";"CULTISTE";"1610151"
"2025-12-31";"R4";"115";"Eryne";"DAMNÉ";"1573067"
"2025-12-31";"R4";"116";"kalish";"SEIGNEUR DES BÊTES";"1512991"
"2025-12-31";"R4";"117";"La Miss";"ABSORBEUR";"1425365"
"2025-12-31";"R4";"118";"Aska";"ABSORBEUR";"1397525"
"2025-12-31";"R4";"119";"AzraëI";"DAMNÉ";"1368260"
"2025-12-31";"R4";"120";"Rastananas";"ABSORBEUR";"1279754"
"2025-12-31";"R4";"121";"roro";"CULTISTE";"1173967"
"2025-12-31";"R4";"122";"Crashfry";"ABSORBEUR";"1127311"
"2025-12-31";"R4";"123";"Poloxary";"CAPTEUR D’ESPRIT";"1115802"
"2025-12-31";"R4";"124";"mraaou";"DAMNÉ";"1096893"
"2025-12-31";"R4";"125";"Carmillia";"ABSORBEUR";"1068865"
"2025-12-31";"R4";"126";"Nightbird";"DAMNÉ";"1057927"
"2025-12-31";"R4";"127";"Shaiyha";"ABSORBEUR";"1047048"
"2025-12-31";"R4";"128";"Olorin";"ABSORBEUR";"953877"
"2025-12-31";"R4";"129";"EzekieI";"ABSORBEUR";"948892"
"2025-12-31";"R4";"130";"Eternam";"ABSORBEUR";"852317"
"2025-12-31";"R4";"131";"Tullaris";"CAPTEUR D’ESPRIT";"845856"
"2025-12-31";"R4";"132";"Averath";"CULTISTE";"827686"
"2025-12-31";"R4";"133";"Yelyah";"SEIGNEUR DES BÊTES";"813524"
"2025-12-31";"R4";"134";"Alexander Corvinus";"ABSORBEUR";"721913"
"2025-12-31";"R4";"135";"zikouyo";"DAMNÉ";"646886"
"2025-12-31";"R4";"136";"Haschatan";"CULTISTE";"601288"
"2025-12-31";"R4";"137";"Ichor";"DAMNÉ";"598722"
"2025-12-31";"R4";"138";"Xx_leewiz_xX";"ABSORBEUR";"572473"
"2025-12-31";"R4";"139";"Il_Succhiasangue";"ABSORBEUR";"529525"
"2025-12-31";"R4";"140";"Mist";"DAMNÉ";"522440"
"2025-12-31";"R4";"141";"Witcher";"CULTISTE";"520252"
"2025-12-31";"R4";"142";"Grith";"SEIGNEUR DES BÊTES";"510779"
"2025-12-31";"R4";"143";"silmeria";"ABSORBEUR";"490224"
"2025-12-31";"R4";"144";"Sagesse";"DAMNÉ";"488066"
"2025-12-31";"R4";"145";"Audalys";"CULTISTE";"484282"
"2025-12-31";"R4";"146";"Tristan";"DAMNÉ";"471705"
"2025-12-31";"R4";"147";"Ayami";"CAPTEUR D’ESPRIT";"469799"
"2025-12-31";"R4";"148";"SlyPower";"SEIGNEUR DES BÊTES";"432502"
"2025-12-31";"R4";"149";"Val-kyrie";"CULTISTE";"414428"
"2025-12-31";"R4";"150";"Lenna";"DAMNÉ";"394729"
"2025-12-31";"R4";"151";"Natsu Dragnir";"ABSORBEUR";"385938"
"2025-12-31";"R4";"152";"Symphonia";"DAMNÉ";"382774"
"2025-12-31";"R4";"153";"djebel";"ABSORBEUR";"380273"
"2025-12-31";"R4";"154";"riagal";"SEIGNEUR DES BÊTES";"363474"
"2025-12-31";"R4";"155";"Asphodele";"ABSORBEUR";"361894"
"2025-12-31";"R4";"156";"Balthazar Picsou";"ABSORBEUR";"354341"
"2025-12-31";"R4";"157";"vampirik";"DAMNÉ";"342639"
"2025-12-31";"R4";"158";"DRACULA";"CULTISTE";"338667"
"2025-12-31";"R4";"159";"Angeli.Daemones";"SEIGNEUR DES BÊTES";"336452"
"2025-12-31";"R4";"160";"Zaphod Beebelbrox";"ABSORBEUR";"332344"
"2025-12-31";"R4";"161";"daminown le russe";"DAMNÉ";"329503"
"2025-12-31";"R4";"162";"муℓèηєƒαямєя";"ABSORBEUR";"322448"
"2025-12-31";"R4";"163";"Quentinus";"ABSORBEUR";"302760"
"2025-12-31";"R4";"164";"ashy slashy";"ABSORBEUR";"297856"
"2025-12-31";"R4";"165";"pequelet";"ABSORBEUR";"287607"
"2025-12-31";"R4";"166";"Touka";"CAPTEUR D’ESPRIT";"286380"
"2025-12-31";"R4";"167";"LUIGI";"SEIGNEUR DES BÊTES";"268349"
"2025-12-31";"R4";"168";"bernadette";"DAMNÉ";"266937"
"2025-12-31";"R4";"169";"alicia";"ABSORBEUR";"263421"
"2025-12-31";"R4";"170";"shun";"CAPTEUR D’ESPRIT";"255528"
"2025-12-31";"R4";"171";"CHILENZO";"DAMNÉ";"253639"
"2025-12-31";"R4";"172";"Xovalox";"DAMNÉ";"246110"
"2025-12-31";"R4";"173";"Ohian";"DAMNÉ";"241465"
"2025-12-31";"R4";"174";"WIKiKi";"DAMNÉ";"234290"
"2025-12-31";"R4";"175";"sanglior";"CAPTEUR D’ESPRIT";"227289"
"2025-12-31";"R4";"176";"Kurumu";"SEIGNEUR DES BÊTES";"226839"
"2025-12-31";"R4";"177";"farza";"ABSORBEUR";"226445"
"2025-12-31";"R4";"178";"Guiche";"ABSORBEUR";"216539"
"2025-12-31";"R4";"179";"Eollus";"DAMNÉ";"206647"
"2025-12-31";"R4";"180";"bichettem";"CULTISTE";"203929"
"2025-12-31";"R4";"181";"Hawk";"CULTISTE";"202001"
"2025-12-31";"R4";"182";"michou";"ABSORBEUR";"184797"
"2025-12-31";"R4";"183";"Valkyrie";"ABSORBEUR";"172047"
"2025-12-31";"R4";"184";"twilight79";"DAMNÉ";"165635"
"2025-12-31";"R4";"185";"Abraracourstik";"ABSORBEUR";"159304"
"2025-12-31";"R4";"186";"Ras Al Ghul";"ABSORBEUR";"154912"
"2025-12-31";"R4";"187";"pepere";"CULTISTE";"151138"
"2025-12-31";"R4";"188";"ShadowWave";"CAPTEUR D’ESPRIT";"148576"
"2025-12-31";"R4";"189";"Akira";"CAPTEUR D’ESPRIT";"142162"
"2025-12-31";"R4";"190";"Asta Black Bull";"DAMNÉ";"140695"
"2025-12-31";"R4";"191";"Kaiidu";"CULTISTE";"140125"
"2025-12-31";"R4";"192";"petitelfe";"CULTISTE";"135756"
"2025-12-31";"R4";"193";"Dame Corza";"DAMNÉ";"134795"
"2025-12-31";"R4";"194";"annthie";"ABSORBEUR";"130566"
"2025-12-31";"R4";"195";"sylvanas coursevent";"ABSORBEUR";"128757"
"2025-12-31";"R4";"196";"BOSWER38";"DAMNÉ";"126810"
"2025-12-31";"R4";"197";"Ironblood";"ABSORBEUR";"126115"
"2025-12-31";"R4";"198";"Eliana de Backshaan";"CAPTEUR D’ESPRIT";"122713"
"2025-12-31";"R4";"199";"Tulegorn";"CULTISTE";"122571"
"2025-12-31";"R4";"200";"Arnita";"ABSORBEUR";"121551"
"2025-12-31";"R3";"1";"Mata Hari";"ŁAPACZ MYŚLI";"220262021"
"2025-12-31";"R3";"2";"FaZiR";"ŁAPACZ MYŚLI";"220236821"
"2025-12-31";"R3";"3";"Cavalorn";"ŁAPACZ MYŚLI";"217120794"
"2025-12-31";"R3";"4";"TeddyPicker";"ŁAPACZ MYŚLI";"210476188"
"2025-12-31";"R3";"5";"Freya";"ŁAPACZ MYŚLI";"207132620"
"2025-12-31";"R3";"6";"Pavelski";"ŁAPACZ MYŚLI";"207071359"
"2025-12-31";"R3";"7";"Piwowar";"ŁAPACZ MYŚLI";"206747827"
"2025-12-31";"R3";"8";"mama";"ŁAPACZ MYŚLI";"203151130"
"2025-12-31";"R3";"9";"Misia taki Słodziak";"ŁAPACZ MYŚLI";"201731486"
"2025-12-31";"R3";"10";"ukulele";"ŁAPACZ MYŚLI";"201535054"
"2025-12-31";"R3";"11";"czapka";"ŁAPACZ MYŚLI";"200789032"
"2025-12-31";"R3";"12";"Meren_re";"ŁAPACZ MYŚLI";"200219468"
"2025-12-31";"R3";"13";"Mystic Gohan";"ŁAPACZ MYŚLI";"199060504"
"2025-12-31";"R3";"14";"Caryca Katarzyna";"ŁAPACZ MYŚLI";"195131593"
"2025-12-31";"R3";"15";"Outsider";"ŁAPACZ MYŚLI";"193803634"
"2025-12-31";"R3";"16";"P0rnStar";"ŁAPACZ MYŚLI";"192772889"
"2025-12-31";"R3";"17";"ShadowWhoWalks";"ŁAPACZ MYŚLI";"190276491"
"2025-12-31";"R3";"18";"Tomex";"ŁAPACZ MYŚLI";"190103146"
"2025-12-31";"R3";"19";"Pożeracz Dusz II";"ŁAPACZ MYŚLI";"188244679"
"2025-12-31";"R3";"20";"Pożeracz Dusz I";"ŁAPACZ MYŚLI";"185476938"
"2025-12-31";"R3";"21";"Derta";"ŁAPACZ MYŚLI";"185273354"
"2025-12-31";"R3";"22";"Polu";"ŁAPACZ MYŚLI";"183449123"
"2025-12-31";"R3";"23";"Pelor";"ŁAPACZ MYŚLI";"183438100"
"2025-12-31";"R3";"24";"Kmiotek Parchaty";"SSAK";"181609279"
"2025-12-31";"R3";"25";"Velon";"ŁAPACZ MYŚLI";"180883368"
"2025-12-31";"R3";"26";"Dracko";"ŁAPACZ MYŚLI";"178038816"
"2025-12-31";"R3";"27";"Vadlez";"ŁAPACZ MYŚLI";"177991925"
"2025-12-31";"R3";"28";"Szybka_rączka";"ŁAPACZ MYŚLI";"177759705"
"2025-12-31";"R3";"29";"vego1";"ŁAPACZ MYŚLI";"175027874"
"2025-12-31";"R3";"30";"smiechu";"ŁAPACZ MYŚLI";"174856567"
"2025-12-31";"R3";"31";"Omerta";"WŁADCA ZWIERZĄT";"170166523"
"2025-12-31";"R3";"32";"SunnivaLind";"ŁAPACZ MYŚLI";"169483305"
"2025-12-31";"R3";"33";"DARMEN";"ŁAPACZ MYŚLI";"168965166"
"2025-12-31";"R3";"34";"BANSHEE";"ŁAPACZ MYŚLI";"168321591"
"2025-12-31";"R3";"35";"makbet";"ŁAPACZ MYŚLI";"167818375"
"2025-12-31";"R3";"36";"Strus Pedzibimber";"ŁAPACZ MYŚLI";"166718310"
"2025-12-31";"R3";"37";"papiboss";"ŁAPACZ MYŚLI";"164723126"
"2025-12-31";"R3";"38";"verno";"ŁAPACZ MYŚLI";"164060022"
"2025-12-31";"R3";"39";"KILLING_MACHINE";"ŁAPACZ MYŚLI";"163858402"
"2025-12-31";"R3";"40";"KRUKUS";"ŁAPACZ MYŚLI";"163766537"
"2025-12-31";"R3";"41";"pande-monium";"ŁAPACZ MYŚLI";"163570284"
"2025-12-31";"R3";"42";"Racuu";"ŁAPACZ MYŚLI";"161953867"
"2025-12-31";"R3";"43";"Spirit";"SSAK";"161914197"
"2025-12-31";"R3";"44";"kropka nienawiści";"SSAK";"161810640"
"2025-12-31";"R3";"45";"Tommy";"ŁAPACZ MYŚLI";"156289961"
"2025-12-31";"R3";"46";"Grim Reaper";"ŁAPACZ MYŚLI";"148500793"
"2025-12-31";"R3";"47";"SK1964";"POTĘPIONY";"144486744"
"2025-12-31";"R3";"48";"norfilus";"POTĘPIONY";"142556752"
"2025-12-31";"R3";"49";"Feles Malefica";"SSAK";"136989357"
"2025-12-31";"R3";"50";"Placebo";"ŁAPACZ MYŚLI";"135801634"
"2025-12-31";"R3";"51";"Marco42";"ŁAPACZ MYŚLI";"134687030"
"2025-12-31";"R3";"52";"Marco52";"ŁAPACZ MYŚLI";"134576874"
"2025-12-31";"R3";"53";"voodoo";"POTĘPIONY";"134361988"
"2025-12-31";"R3";"54";"mimus93";"ŁAPACZ MYŚLI";"133404330"
"2025-12-31";"R3";"55";"ratur";"ŁAPACZ MYŚLI";"132605008"
"2025-12-31";"R3";"56";"Gruszka Halina";"KULTYSTA";"128437727"
"2025-12-31";"R3";"57";"atropos";"WŁADCA ZWIERZĄT";"122367319"
"2025-12-31";"R3";"58";"sluga_baala";"POTĘPIONY";"122315788"
"2025-12-31";"R3";"59";"Tybi";"ŁAPACZ MYŚLI";"119205564"
"2025-12-31";"R3";"60";"M A R O";"POTĘPIONY";"116432675"
"2025-12-31";"R3";"61";"rEith";"POTĘPIONY";"114879076"
"2025-12-31";"R3";"62";"MrRadzio";"POTĘPIONY";"112754442"
"2025-12-31";"R3";"63";"Vill";"POTĘPIONY";"112087863"
"2025-12-31";"R3";"64";"Leonidass";"ŁAPACZ MYŚLI";"110935798"
"2025-12-31";"R3";"65";"DiAM";"ŁAPACZ MYŚLI";"110824906"
"2025-12-31";"R3";"66";"Belkirst";"ŁAPACZ MYŚLI";"110795921"
"2025-12-31";"R3";"67";"bizon";"ŁAPACZ MYŚLI";"110070121"
"2025-12-31";"R3";"68";"corny1";"SSAK";"110059283"
"2025-12-31";"R3";"69";"Parciany Krępulec";"ŁAPACZ MYŚLI";"109663436"
"2025-12-31";"R3";"70";"Jasper3";"ŁAPACZ MYŚLI";"109501463"
"2025-12-31";"R3";"71";"Seiran";"SSAK";"108625131"
"2025-12-31";"R3";"72";"Camorra";"KULTYSTA";"104211719"
"2025-12-31";"R3";"73";"FideLis";"KULTYSTA";"102928844"
"2025-12-31";"R3";"74";"Cilivio";"SSAK";"101057072"
"2025-12-31";"R3";"75";"Ramirez";"ŁAPACZ MYŚLI";"100387292"
"2025-12-31";"R3";"76";"HONDA";"ŁAPACZ MYŚLI";"98956171"
"2025-12-31";"R3";"77";"Nie Uri tylko Snoop";"ŁAPACZ MYŚLI";"98842497"
"2025-12-31";"R3";"78";"Ziom z szubienicy";"ŁAPACZ MYŚLI";"96814088"
"2025-12-31";"R3";"79";"LUNA";"ŁAPACZ MYŚLI";"96079451"
"2025-12-31";"R3";"80";"GirlIn";"POTĘPIONY";"96012486"
"2025-12-31";"R3";"81";"jbahomet";"ŁAPACZ MYŚLI";"95866943"
"2025-12-31";"R3";"82";"Amareje";"ŁAPACZ MYŚLI";"95826158"
"2025-12-31";"R3";"83";"ALTAK";"WŁADCA ZWIERZĄT";"95717073"
"2025-12-31";"R3";"84";"DooM";"ŁAPACZ MYŚLI";"95369409"
"2025-12-31";"R3";"85";"TALBOT";"POTĘPIONY";"94706182"
"2025-12-31";"R3";"86";"Seth";"ŁAPACZ MYŚLI";"94592801"
"2025-12-31";"R3";"87";"ASH";"KULTYSTA";"93697711"
"2025-12-31";"R3";"88";"Silent Hill FWP";"ŁAPACZ MYŚLI";"91750388"
"2025-12-31";"R3";"89";"Canibalia";"ŁAPACZ MYŚLI";"91525007"
"2025-12-31";"R3";"90";"Pan Uri";"SSAK";"90748110"
"2025-12-31";"R3";"91";"kierki";"ŁAPACZ MYŚLI";"89876257"
"2025-12-31";"R3";"92";"Wojtal";"SSAK";"89818539"
"2025-12-31";"R3";"93";"Xr15-yV";"WŁADCA ZWIERZĄT";"89330984"
"2025-12-31";"R3";"94";"Bartt";"KULTYSTA";"88343204"
"2025-12-31";"R3";"95";"tttomcio";"SSAK";"88287599"
"2025-12-31";"R3";"96";"kris 37";"ŁAPACZ MYŚLI";"87787334"
"2025-12-31";"R3";"97";"Pożeracz Dusz VI";"ŁAPACZ MYŚLI";"87305101"
"2025-12-31";"R3";"98";"WeNdIgO";"POTĘPIONY";"87193243"
"2025-12-31";"R3";"99";"tttomcio42";"KULTYSTA";"85876361"
"2025-12-31";"R3";"100";"massac";"ŁAPACZ MYŚLI";"85662327"
"2025-12-31";"R3";"101";"DAQARO";"ŁAPACZ MYŚLI";"85358255"
"2025-12-31";"R3";"102";"TRaiNe";"SSAK";"83758525"
"2025-12-31";"R3";"103";"dario_g";"KULTYSTA";"83291374"
"2025-12-31";"R3";"104";"redmaestro";"SSAK";"80446664"
"2025-12-31";"R3";"105";"Chikushōdō";"ŁAPACZ MYŚLI";"80192256"
"2025-12-31";"R3";"106";"Ilhantius";"SSAK";"79110920"
"2025-12-31";"R3";"107";"amaimoon";"KULTYSTA";"78768712"
"2025-12-31";"R3";"108";"Czopek ORG";"SSAK";"78316826"
"2025-12-31";"R3";"109";"reptun";"ŁAPACZ MYŚLI";"77964035"
"2025-12-31";"R3";"110";"pingwin";"POTĘPIONY";"76488937"
"2025-12-31";"R3";"111";"Plastelina";"SSAK";"76150371"
"2025-12-31";"R3";"112";"Norther";"WŁADCA ZWIERZĄT";"75346573"
"2025-12-31";"R3";"113";"sanczez";"SSAK";"70879212"
"2025-12-31";"R3";"114";"OGROSLAW";"ŁAPACZ MYŚLI";"70619121"
"2025-12-31";"R3";"115";"OWCAAREK";"KULTYSTA";"69101400"
"2025-12-31";"R3";"116";"SunNex";"ŁAPACZ MYŚLI";"68762819"
"2025-12-31";"R3";"117";"ASASYN";"POTĘPIONY";"68640068"
"2025-12-31";"R3";"118";"Tałron";"ŁAPACZ MYŚLI";"66194317"
"2025-12-31";"R3";"119";"obesraniec";"ŁAPACZ MYŚLI";"65808179"
"2025-12-31";"R3";"120";"drakue";"SSAK";"62382462"
"2025-12-31";"R3";"121";"Mania_2";"SSAK";"60756928"
"2025-12-31";"R3";"122";"Bob Budowniczy";"ŁAPACZ MYŚLI";"60463855"
"2025-12-31";"R3";"123";"Astral";"KULTYSTA";"57552901"
"2025-12-31";"R3";"124";"Scooby Doo";"SSAK";"57236304"
"2025-12-31";"R3";"125";"Madderdin";"ŁAPACZ MYŚLI";"57156984"
"2025-12-31";"R3";"126";"LaCIeK";"SSAK";"55244799"
"2025-12-31";"R3";"127";"kitraszka";"KULTYSTA";"52154490"
"2025-12-31";"R3";"128";"bloodark";"ŁAPACZ MYŚLI";"51829134"
"2025-12-31";"R3";"129";"Truskawetta";"ŁAPACZ MYŚLI";"51007442"
"2025-12-31";"R3";"130";"Tuna";"WŁADCA ZWIERZĄT";"50064546"
"2025-12-31";"R3";"131";"HHornet";"WŁADCA ZWIERZĄT";"49748411"
"2025-12-31";"R3";"132";"KYSIO";"SSAK";"49241967"
"2025-12-31";"R3";"133";"BANIT";"SSAK";"48990922"
"2025-12-31";"R3";"134";"Gines";"SSAK";"48535911"
"2025-12-31";"R3";"135";"GRINGO";"SSAK";"48442851"
"2025-12-31";"R3";"136";"Pajzi";"KULTYSTA";"48399890"
"2025-12-31";"R3";"137";"neXtBD";"SSAK";"47734478"
"2025-12-31";"R3";"138";"Yamir";"SSAK";"47395238"
"2025-12-31";"R3";"139";"Shakin";"SSAK";"47220343"
"2025-12-31";"R3";"140";"Warwind";"POTĘPIONY";"46985094"
"2025-12-31";"R3";"141";"kirek";"POTĘPIONY";"46758575"
"2025-12-31";"R3";"142";"SnowOwl";"KULTYSTA";"46049722"
"2025-12-31";"R3";"143";"MEFREIZAN";"ŁAPACZ MYŚLI";"45975872"
"2025-12-31";"R3";"144";"Sm0k";"SSAK";"45736440"
"2025-12-31";"R3";"145";"STING";"POTĘPIONY";"45717997"
"2025-12-31";"R3";"146";"ηεqkat";"ŁAPACZ MYŚLI";"42902466"
"2025-12-31";"R3";"147";"Kalipso";"ŁAPACZ MYŚLI";"42867865"
"2025-12-31";"R3";"148";"BULTERIER";"WŁADCA ZWIERZĄT";"42708923"
"2025-12-31";"R3";"149";"Kriss";"KULTYSTA";"42309465"
"2025-12-31";"R3";"150";"Chirrut";"SSAK";"41394365"
"2025-12-31";"R3";"151";"Rumpelstiltskin";"WŁADCA ZWIERZĄT";"41302981"
"2025-12-31";"R3";"152";"kuczek";"KULTYSTA";"41109778"
"2025-12-31";"R3";"153";"Vokial";"ŁAPACZ MYŚLI";"36137285"
"2025-12-31";"R3";"154";"DOKTOR";"SSAK";"31798952"
"2025-12-31";"R3";"155";"Gibson";"ŁAPACZ MYŚLI";"30806725"
"2025-12-31";"R3";"156";"Landi";"KULTYSTA";"28238995"
"2025-12-31";"R3";"157";"SpartakuS";"SSAK";"27747381"
"2025-12-31";"R3";"158";"adagio";"POTĘPIONY";"25468472"
"2025-12-31";"R3";"159";"Bergkamp87";"ŁAPACZ MYŚLI";"25253444"
"2025-12-31";"R3";"160";"Baharroth";"ŁAPACZ MYŚLI";"24417729"
"2025-12-31";"R3";"161";"Destrukcja";"ŁAPACZ MYŚLI";"23304019"
"2025-12-31";"R3";"162";"Umberto";"KULTYSTA";"22875036"
"2025-12-31";"R3";"163";"Tytus de Zoo";"POTĘPIONY";"22322546"
"2025-12-31";"R3";"164";"Last";"ŁAPACZ MYŚLI";"21573100"
"2025-12-31";"R3";"165";"Jarrus";"ŁAPACZ MYŚLI";"21507613"
"2025-12-31";"R3";"166";"laura2";"KULTYSTA";"21416092"
"2025-12-31";"R3";"167";"Faryzeusz";"SSAK";"21016784"
"2025-12-31";"R3";"168";"M a n i a";"SSAK";"20591696"
"2025-12-31";"R3";"169";"Futerek";"WŁADCA ZWIERZĄT";"20158176"
"2025-12-31";"R3";"170";"ryuk";"WŁADCA ZWIERZĄT";"19841230"
"2025-12-31";"R3";"171";"ludwiczek84";"POTĘPIONY";"19586382"
"2025-12-31";"R3";"172";"KtoToTaki";"WŁADCA ZWIERZĄT";"19349447"
"2025-12-31";"R3";"173";"Zacpał";"SSAK";"18866133"
"2025-12-31";"R3";"174";"nynu";"ŁAPACZ MYŚLI";"18653766"
"2025-12-31";"R3";"175";"Björn Ironside";"SSAK";"18427339"
"2025-12-31";"R3";"176";"Jurii";"KULTYSTA";"17788987"
"2025-12-31";"R3";"177";"MrCienki";"POTĘPIONY";"17122224"
"2025-12-31";"R3";"178";"akinoM";"POTĘPIONY";"15561084"
"2025-12-31";"R3";"179";"Andzia";"KULTYSTA";"15301618"
"2025-12-31";"R3";"180";"daemon II";"ŁAPACZ MYŚLI";"15119120"
"2025-12-31";"R3";"181";"FaSiU";"ŁAPACZ MYŚLI";"14796748"
"2025-12-31";"R3";"182";"kanclerz";"POTĘPIONY";"14272574"
"2025-12-31";"R3";"183";"HubaR10";"SSAK";"14268480"
"2025-12-31";"R3";"184";"Corvinus";"ŁAPACZ MYŚLI";"14111190"
"2025-12-31";"R3";"185";"S C Y N T H I A";"ŁAPACZ MYŚLI";"14031295"
"2025-12-31";"R3";"186";"kontek";"SSAK";"13832224"
"2025-12-31";"R3";"187";"Pawcio";"WŁADCA ZWIERZĄT";"11608168"
"2025-12-31";"R3";"188";"silvestro";"SSAK";"11599330"
"2025-12-31";"R3";"189";"Oxford";"SSAK";"11340208"
"2025-12-31";"R3";"190";"Suchy";"ŁAPACZ MYŚLI";"11182622"
"2025-12-31";"R3";"191";"Rio67";"POTĘPIONY";"11045363"
"2025-12-31";"R3";"192";"Nefth";"ŁAPACZ MYŚLI";"10858776"
"2025-12-31";"R3";"193";"Bemo";"ŁAPACZ MYŚLI";"10642504"
"2025-12-31";"R3";"194";"oldavir_SokołyNT";"ŁAPACZ MYŚLI";"10591954"
"2025-12-31";"R3";"195";"C O R I N T H I A";"ŁAPACZ MYŚLI";"10465743"
"2025-12-31";"R3";"196";"Rash";"POTĘPIONY";"9517433"
"2025-12-31";"R3";"197";"Iker";"WŁADCA ZWIERZĄT";"9398270"
"2025-12-31";"R3";"198";"daemon";"SSAK";"9212418"
"2025-12-31";"R3";"199";"Archangel";"ŁAPACZ MYŚLI";"8918968"
"2025-12-31";"R3";"200";"Bellator";"SSAK";"8744124"
"2025-12-31";"R7";"1";"PornStar";"ŁAPACZ MYŚLI";"217372856"
"2025-12-31";"R7";"2";"Cohoru";"ŁAPACZ MYŚLI";"214674948"
"2025-12-31";"R7";"3";"Anubis";"ŁAPACZ MYŚLI";"213262228"
"2025-12-31";"R7";"4";"Lilo";"ŁAPACZ MYŚLI";"213082115"
"2025-12-31";"R7";"5";"szmycio";"ŁAPACZ MYŚLI";"210719027"
"2025-12-31";"R7";"6";"Pabalo666";"ŁAPACZ MYŚLI";"210488879"
"2025-12-31";"R7";"7";"Faraon0";"ŁAPACZ MYŚLI";"207246606"
"2025-12-31";"R7";"8";"DeStRukToRkA";"ŁAPACZ MYŚLI";"206953830"
"2025-12-31";"R7";"9";"salsoholik";"ŁAPACZ MYŚLI";"205122070"
"2025-12-31";"R7";"10";"Vadlez";"ŁAPACZ MYŚLI";"203615024"
"2025-12-31";"R7";"11";"WENECJANIN";"ŁAPACZ MYŚLI";"201481398"
"2025-12-31";"R7";"12";"DeviL";"ŁAPACZ MYŚLI";"199712130"
"2025-12-31";"R7";"13";"Damed";"ŁAPACZ MYŚLI";"196845591"
"2025-12-31";"R7";"14";"Rasta";"ŁAPACZ MYŚLI";"194017344"
"2025-12-31";"R7";"15";"Dizzy";"ŁAPACZ MYŚLI";"189081175"
"2025-12-31";"R7";"16";"jarijari";"ŁAPACZ MYŚLI";"187781365"
"2025-12-31";"R7";"17";"STRobal";"ŁAPACZ MYŚLI";"185751928"
"2025-12-31";"R7";"18";"materia";"ŁAPACZ MYŚLI";"183876921"
"2025-12-31";"R7";"19";"Sztywny Misza";"ŁAPACZ MYŚLI";"183871879"
"2025-12-31";"R7";"20";"jaszczurski";"ŁAPACZ MYŚLI";"183746570"
"2025-12-31";"R7";"21";"Smalec";"SSAK";"183683063"
"2025-12-31";"R7";"22";"The_Grim_Reaper";"ŁAPACZ MYŚLI";"183567620"
"2025-12-31";"R7";"23";"Błajo";"ŁAPACZ MYŚLI";"183125175"
"2025-12-31";"R7";"24";"Rey Mysterio";"ŁAPACZ MYŚLI";"181041547"
"2025-12-31";"R7";"25";"Gall_AnoniM";"ŁAPACZ MYŚLI";"178474108"
"2025-12-31";"R7";"26";"SoQ";"ŁAPACZ MYŚLI";"176791373"
"2025-12-31";"R7";"27";"KRUKUS";"ŁAPACZ MYŚLI";"176362165"
"2025-12-31";"R7";"28";"Smirnoffia81";"ŁAPACZ MYŚLI";"175405350"
"2025-12-31";"R7";"29";"Kapitan Kox";"ŁAPACZ MYŚLI";"175225832"
"2025-12-31";"R7";"30";"ᚦᛜᛖᛧᚢᛟᛠᚺᛜᚱ";"ŁAPACZ MYŚLI";"173691019"
"2025-12-31";"R7";"31";"Phaed";"ŁAPACZ MYŚLI";"172407210"
"2025-12-31";"R7";"32";"DARMEN";"ŁAPACZ MYŚLI";"171967593"
"2025-12-31";"R7";"33";"OMEGA DOOM";"ŁAPACZ MYŚLI";"170899674"
"2025-12-31";"R7";"34";"Cathbad";"WŁADCA ZWIERZĄT";"167321289"
"2025-12-31";"R7";"35";"wampirek";"ŁAPACZ MYŚLI";"164343209"
"2025-12-31";"R7";"36";"Lancelot";"ŁAPACZ MYŚLI";"163810440"
"2025-12-31";"R7";"37";"konieczkoo";"ŁAPACZ MYŚLI";"161720110"
"2025-12-31";"R7";"38";"DziQ";"ŁAPACZ MYŚLI";"161685600"
"2025-12-31";"R7";"39";"geminix";"ŁAPACZ MYŚLI";"160057603"
"2025-12-31";"R7";"40";"Smal3c";"ŁAPACZ MYŚLI";"157044175"
"2025-12-31";"R7";"41";"Muad";"ŁAPACZ MYŚLI";"154301096"
"2025-12-31";"R7";"42";"kogucik821";"ŁAPACZ MYŚLI";"152644822"
"2025-12-31";"R7";"43";"Goku";"ŁAPACZ MYŚLI";"148983409"
"2025-12-31";"R7";"44";"STR0bal";"ŁAPACZ MYŚLI";"148384284"
"2025-12-31";"R7";"45";"Aria0";"ŁAPACZ MYŚLI";"147669159"
"2025-12-31";"R7";"46";"steryd2000";"SSAK";"145489900"
"2025-12-31";"R7";"47";"drooopcia";"KULTYSTA";"142018496"
"2025-12-31";"R7";"48";"Scynaide";"ŁAPACZ MYŚLI";"139246511"
"2025-12-31";"R7";"49";"Kragg";"ŁAPACZ MYŚLI";"138362380"
"2025-12-31";"R7";"50";"Marcin37";"ŁAPACZ MYŚLI";"137722904"
"2025-12-31";"R7";"51";"kauki";"KULTYSTA";"134398579"
"2025-12-31";"R7";"52";"Valandil";"WŁADCA ZWIERZĄT";"133613487"
"2025-12-31";"R7";"53";"TERRAMOTO";"ŁAPACZ MYŚLI";"132278936"
"2025-12-31";"R7";"54";"Kenpachi_Z";"ŁAPACZ MYŚLI";"131752898"
"2025-12-31";"R7";"55";"Smoker997";"ŁAPACZ MYŚLI";"131456771"
"2025-12-31";"R7";"56";"koper";"POTĘPIONY";"127871445"
"2025-12-31";"R7";"57";"bel";"SSAK";"126678178"
"2025-12-31";"R7";"58";"snufkin";"SSAK";"123234517"
"2025-12-31";"R7";"59";"chmiel1983";"SSAK";"121497487"
"2025-12-31";"R7";"60";"W H I S P Σ R Σ R";"KULTYSTA";"120086682"
"2025-12-31";"R7";"61";"SOLON";"SSAK";"119794597"
"2025-12-31";"R7";"62";"euroo";"ŁAPACZ MYŚLI";"119284932"
"2025-12-31";"R7";"63";"Akino";"SSAK";"118651349"
"2025-12-31";"R7";"64";"slugabaala";"KULTYSTA";"116036834"
"2025-12-31";"R7";"65";"xj220";"ŁAPACZ MYŚLI";"115203601"
"2025-12-31";"R7";"66";"CzopekORG";"ŁAPACZ MYŚLI";"114335915"
"2025-12-31";"R7";"67";"Altair";"ŁAPACZ MYŚLI";"113733862"
"2025-12-31";"R7";"68";"Arshem";"WŁADCA ZWIERZĄT";"109537457"
"2025-12-31";"R7";"69";"Inkwizytor";"SSAK";"106859130"
"2025-12-31";"R7";"70";"matios";"SSAK";"105988583"
"2025-12-31";"R7";"71";"Satsuka";"SSAK";"105660797"
"2025-12-31";"R7";"72";"Viner";"ŁAPACZ MYŚLI";"105541730"
"2025-12-31";"R7";"73";"Kartofkanka";"ŁAPACZ MYŚLI";"105367099"
"2025-12-31";"R7";"74";"Raguel";"SSAK";"105331834"
"2025-12-31";"R7";"75";"Ciasteczkowy Potwór";"ŁAPACZ MYŚLI";"103219316"
"2025-12-31";"R7";"76";"Mieciu";"ŁAPACZ MYŚLI";"102725442"
"2025-12-31";"R7";"77";"Midian";"SSAK";"101253919"
"2025-12-31";"R7";"78";"Mikox";"ŁAPACZ MYŚLI";"100981887"
"2025-12-31";"R7";"79";"Underoath";"POTĘPIONY";"100326580"
"2025-12-31";"R7";"80";"Seyblor";"WŁADCA ZWIERZĄT";"98281951"
"2025-12-31";"R7";"81";"Kozak";"ŁAPACZ MYŚLI";"97129140"
"2025-12-31";"R7";"82";"Spartakus";"SSAK";"97082106"
"2025-12-31";"R7";"83";"Szakal";"SSAK";"96339092"
"2025-12-31";"R7";"84";"kukula";"SSAK";"95851460"
"2025-12-31";"R7";"85";"NEW0";"ŁAPACZ MYŚLI";"92851332"
"2025-12-31";"R7";"86";"Quba";"SSAK";"91604826"
"2025-12-31";"R7";"87";"Cath";"SSAK";"90008747"
"2025-12-31";"R7";"88";"uriel5";"ŁAPACZ MYŚLI";"89713453"
"2025-12-31";"R7";"89";"zybi";"SSAK";"89437556"
"2025-12-31";"R7";"90";"War_Machine";"WŁADCA ZWIERZĄT";"84963861"
"2025-12-31";"R7";"91";"Gohan";"ŁAPACZ MYŚLI";"83970614"
"2025-12-31";"R7";"92";"jan_krusz";"ŁAPACZ MYŚLI";"80112110"
"2025-12-31";"R7";"93";"mosquito";"ŁAPACZ MYŚLI";"78709292"
"2025-12-31";"R7";"94";"Resurrected";"SSAK";"78004972"
"2025-12-31";"R7";"95";"JedzBudyn";"ŁAPACZ MYŚLI";"77363980"
"2025-12-31";"R7";"96";"Joscelin";"POTĘPIONY";"76795659"
"2025-12-31";"R7";"97";"baznik";"ŁAPACZ MYŚLI";"76743108"
"2025-12-31";"R7";"98";"Canis Majoris";"KULTYSTA";"72153596"
"2025-12-31";"R7";"99";"Jegorek";"KULTYSTA";"71213029"
"2025-12-31";"R7";"100";"Diabliczkaa";"SSAK";"71044245"
"2025-12-31";"R7";"101";"wspn";"POTĘPIONY";"71027899"
"2025-12-31";"R7";"102";"ozii";"ŁAPACZ MYŚLI";"70682487"
"2025-12-31";"R7";"103";"Verbatim";"ŁAPACZ MYŚLI";"69070022"
"2025-12-31";"R7";"104";"cl9vius";"SSAK";"68377763"
"2025-12-31";"R7";"105";"wdowis";"SSAK";"68305658"
"2025-12-31";"R7";"106";"Frsh";"SSAK";"68185992"
"2025-12-31";"R7";"107";"RHood";"WŁADCA ZWIERZĄT";"68017017"
"2025-12-31";"R7";"108";"Rimmin";"SSAK";"67819631"
"2025-12-31";"R7";"109";"Otti";"SSAK";"64798829"
"2025-12-31";"R7";"110";"Abdi_MRCK";"POTĘPIONY";"64251733"
"2025-12-31";"R7";"111";"CYD";"SSAK";"61705805"
"2025-12-31";"R7";"112";"SirGorash";"ŁAPACZ MYŚLI";"61576594"
"2025-12-31";"R7";"113";"Lars";"SSAK";"60513632"
"2025-12-31";"R7";"114";"ratman";"POTĘPIONY";"60423919"
"2025-12-31";"R7";"115";"hiena";"ŁAPACZ MYŚLI";"57245992"
"2025-12-31";"R7";"116";"Triton";"ŁAPACZ MYŚLI";"55714169"
"2025-12-31";"R7";"117";"Huri-Khan";"POTĘPIONY";"55464845"
"2025-12-31";"R7";"118";"Chaos";"SSAK";"53324813"
"2025-12-31";"R7";"119";"Lagertha.The.Queen";"SSAK";"52454340"
"2025-12-31";"R7";"120";"Daemon";"WŁADCA ZWIERZĄT";"49377920"
"2025-12-31";"R7";"121";"Kademar";"WŁADCA ZWIERZĄT";"49230835"
"2025-12-31";"R7";"122";"puchacz78";"SSAK";"48377981"
"2025-12-31";"R7";"123";"Uraninit54";"SSAK";"47885291"
"2025-12-31";"R7";"124";"Vovin";"KULTYSTA";"46250312"
"2025-12-31";"R7";"125";"ERGE";"ŁAPACZ MYŚLI";"44505029"
"2025-12-31";"R7";"126";"erge85";"ŁAPACZ MYŚLI";"43647842"
"2025-12-31";"R7";"127";"fuego";"SSAK";"43481970"
"2025-12-31";"R7";"128";"maxandy";"WŁADCA ZWIERZĄT";"43122118"
"2025-12-31";"R7";"129";"Selkie";"SSAK";"42882643"
"2025-12-31";"R7";"130";"Lance";"WŁADCA ZWIERZĄT";"40566396"
"2025-12-31";"R7";"131";"G180N";"SSAK";"40383772"
"2025-12-31";"R7";"132";"hortas";"POTĘPIONY";"39882934"
"2025-12-31";"R7";"133";"error404_BioX";"WŁADCA ZWIERZĄT";"37803307"
"2025-12-31";"R7";"134";"Andzila";"WŁADCA ZWIERZĄT";"36652174"
"2025-12-31";"R7";"135";"gmarco";"WŁADCA ZWIERZĄT";"36094104"
"2025-12-31";"R7";"136";"Sethraliss";"WŁADCA ZWIERZĄT";"35396424"
"2025-12-31";"R7";"137";"nemo7";"SSAK";"32875959"
"2025-12-31";"R7";"138";"Emila1985";"WŁADCA ZWIERZĄT";"32867961"
"2025-12-31";"R7";"139";"Biskup";"SSAK";"32132742"
"2025-12-31";"R7";"140";"Jurgen";"KULTYSTA";"31712693"
"2025-12-31";"R7";"141";"FROST";"SSAK";"30393921"
"2025-12-31";"R7";"142";"Razor66";"SSAK";"29361207"
"2025-12-31";"R7";"143";"Jutro";"ŁAPACZ MYŚLI";"28184154"
"2025-12-31";"R7";"144";"Piekielny";"KULTYSTA";"28044082"
"2025-12-31";"R7";"145";"Damon Salvatore";"SSAK";"27307553"
"2025-12-31";"R7";"146";"luka";"POTĘPIONY";"25197891"
"2025-12-31";"R7";"147";"LILITH_DEVLIN";"ŁAPACZ MYŚLI";"24596484"
"2025-12-31";"R7";"148";"Daimon Frey";"KULTYSTA";"24166459"
"2025-12-31";"R7";"149";"SpartuS";"SSAK";"24117275"
"2025-12-31";"R7";"150";"kreska";"ŁAPACZ MYŚLI";"22441619"
"2025-12-31";"R7";"151";"Makavelli";"POTĘPIONY";"21140534"
"2025-12-31";"R7";"152";"DonKrzysio";"SSAK";"19268185"
"2025-12-31";"R7";"153";"lu12";"SSAK";"15969826"
"2025-12-31";"R7";"154";"mick666";"SSAK";"15839785"
"2025-12-31";"R7";"155";"Karfin";"POTĘPIONY";"15053258"
"2025-12-31";"R7";"156";"ML2001";"POTĘPIONY";"14430214"
"2025-12-31";"R7";"157";"Furiosa";"POTĘPIONY";"14114474"
"2025-12-31";"R7";"158";"wilgoo";"SSAK";"13674177"
"2025-12-31";"R7";"159";"Thorinos";"SSAK";"13503929"
"2025-12-31";"R7";"160";"nieznany";"WŁADCA ZWIERZĄT";"11435031"
"2025-12-31";"R7";"161";"dziobaldo";"POTĘPIONY";"11349582"
"2025-12-31";"R7";"162";"Crom";"ŁAPACZ MYŚLI";"10113506"
"2025-12-31";"R7";"163";"Agregat";"KULTYSTA";"10033455"
"2025-12-31";"R7";"164";"Zyz1o";"SSAK";"9840504"
"2025-12-31";"R7";"165";"Sprytny";"SSAK";"9501131"
"2025-12-31";"R7";"166";"slowisla1";"POTĘPIONY";"9242980"
"2025-12-31";"R7";"167";"Telefexa";"ŁAPACZ MYŚLI";"8282357"
"2025-12-31";"R7";"168";"kokop";"ŁAPACZ MYŚLI";"8273365"
"2025-12-31";"R7";"169";"zQt";"KULTYSTA";"7749600"
"2025-12-31";"R7";"170";"antyana";"ŁAPACZ MYŚLI";"7613193"
"2025-12-31";"R7";"171";"isfandijar";"SSAK";"6344666"
"2025-12-31";"R7";"172";"wh1sky";"SSAK";"6232063"
"2025-12-31";"R7";"173";"Maverick555";"POTĘPIONY";"6136421"
"2025-12-31";"R7";"174";"LawendowyRycerz";"SSAK";"6073865"
"2025-12-31";"R7";"175";"Asche";"KULTYSTA";"6002636"
"2025-12-31";"R7";"176";"frader";"WŁADCA ZWIERZĄT";"5725329"
"2025-12-31";"R7";"177";"Stefan Salvatore";"SSAK";"5694795"
"2025-12-31";"R7";"178";"Khaydar";"KULTYSTA";"5222362"
"2025-12-31";"R7";"179";"Kurgan";"WŁADCA ZWIERZĄT";"5183648"
"2025-12-31";"R7";"180";"picolo";"WŁADCA ZWIERZĄT";"5162430"
"2025-12-31";"R7";"181";"słabnąca_złotówka";"ŁAPACZ MYŚLI";"5101619"
"2025-12-31";"R7";"182";"ep_kosiarz_odrostów";"SSAK";"4372669"
"2025-12-31";"R7";"183";"ReGaNoo_ItAlIaNoo";"SSAK";"4365990"
"2025-12-31";"R7";"184";"Astaroth666";"ŁAPACZ MYŚLI";"4188522"
"2025-12-31";"R7";"185";"Boombardier";"WŁADCA ZWIERZĄT";"4140219"
"2025-12-31";"R7";"186";"Thunder";"SSAK";"3701235"
"2025-12-31";"R7";"187";"Earisu";"SSAK";"3451520"
"2025-12-31";"R7";"188";"Xalen";"SSAK";"3124136"
"2025-12-31";"R7";"189";"Tenenit";"SSAK";"3121111"
"2025-12-31";"R7";"190";"Syllas";"ŁAPACZ MYŚLI";"2942819"
"2025-12-31";"R7";"191";"SheerGhar";"ŁAPACZ MYŚLI";"2902014"
"2025-12-31";"R7";"192";"Czarny_Rycerz";"ŁAPACZ MYŚLI";"2761983"
"2025-12-31";"R7";"193";"BaskerBill";"WŁADCA ZWIERZĄT";"2709426"
"2025-12-31";"R7";"194";"PretoriaN88";"SSAK";"2666763"
"2025-12-31";"R7";"195";"SALOME43";"ŁAPACZ MYŚLI";"2648257"
"2025-12-31";"R7";"196";"Piotsze";"KULTYSTA";"2560548"
"2025-12-31";"R7";"197";"Thibbledorf Pwent";"KULTYSTA";"2556119"
"2025-12-31";"R7";"198";"Rake";"POTĘPIONY";"2464277"
"2025-12-31";"R7";"199";"fauscik";"ŁAPACZ MYŚLI";"2262976"
"2025-12-31";"R7";"200";"RobertNH";"ŁAPACZ MYŚLI";"2258800"
"2025-12-31";"R14";"1";"pคຖ p໐ຖนrฯ";"ŁAPACZ MYŚLI";"220333166"
"2025-12-31";"R14";"2";"Tuliś";"ŁAPACZ MYŚLI";"219178302"
"2025-12-31";"R14";"3";"Sαɳƚι-Sҽɳραι";"ŁAPACZ MYŚLI";"216372779"
"2025-12-31";"R14";"4";"Ragnar";"ŁAPACZ MYŚLI";"215011088"
"2025-12-31";"R14";"5";"Chycek";"ŁAPACZ MYŚLI";"214245503"
"2025-12-31";"R14";"6";"Zord";"ŁAPACZ MYŚLI";"214229621"
"2025-12-31";"R14";"7";"Drøp Sensem Życia";"ŁAPACZ MYŚLI";"213759032"
"2025-12-31";"R14";"8";"fidel0001";"ŁAPACZ MYŚLI";"213593870"
"2025-12-31";"R14";"9";"MrTomb";"ŁAPACZ MYŚLI";"212706291"
"2025-12-31";"R14";"10";"Kokesz";"ŁAPACZ MYŚLI";"212489075"
"2025-12-31";"R14";"11";"Kankajawo";"ŁAPACZ MYŚLI";"212136313"
"2025-12-31";"R14";"12";"ꜱᴀʟᴇᴍ";"ŁAPACZ MYŚLI";"211910087"
"2025-12-31";"R14";"13";"Oblegard";"ŁAPACZ MYŚLI";"210350499"
"2025-12-31";"R14";"14";"K O S M O S";"ŁAPACZ MYŚLI";"209973112"
"2025-12-31";"R14";"15";"Rosaa";"ŁAPACZ MYŚLI";"209608689"
"2025-12-31";"R14";"16";"Shinok";"ŁAPACZ MYŚLI";"208555950"
"2025-12-31";"R14";"17";"InForTheKill";"ŁAPACZ MYŚLI";"208461778"
"2025-12-31";"R14";"18";"Racuu";"ŁAPACZ MYŚLI";"208142391"
"2025-12-31";"R14";"19";"anioł śmierci";"ŁAPACZ MYŚLI";"207552778"
"2025-12-31";"R14";"20";"Ponczkins_Debesciak";"ŁAPACZ MYŚLI";"206959028"
"2025-12-31";"R14";"21";"D-Wade";"ŁAPACZ MYŚLI";"206331345"
"2025-12-31";"R14";"22";"ѕєzαмєк";"ŁAPACZ MYŚLI";"205913306"
"2025-12-31";"R14";"23";"ToTylkoJa";"ŁAPACZ MYŚLI";"205225928"
"2025-12-31";"R14";"24";"Rui";"ŁAPACZ MYŚLI";"205152624"
"2025-12-31";"R14";"25";"velasca";"ŁAPACZ MYŚLI";"204985044"
"2025-12-31";"R14";"26";"Pinkii";"ŁAPACZ MYŚLI";"204494812"
"2025-12-31";"R14";"27";"Ramon70";"ŁAPACZ MYŚLI";"204402714"
"2025-12-31";"R14";"28";"L U K A";"ŁAPACZ MYŚLI";"203846590"
"2025-12-31";"R14";"29";"firek";"ŁAPACZ MYŚLI";"203263060"
"2025-12-31";"R14";"30";"rodgar66";"ŁAPACZ MYŚLI";"202983279"
"2025-12-31";"R14";"31";"darro";"ŁAPACZ MYŚLI";"202193882"
"2025-12-31";"R14";"32";"Lacuna";"ŁAPACZ MYŚLI";"201869187"
"2025-12-31";"R14";"33";"KATAF";"ŁAPACZ MYŚLI";"201567614"
"2025-12-31";"R14";"34";"ΛMΛПIƬΛ";"ŁAPACZ MYŚLI";"201503753"
"2025-12-31";"R14";"35";"Meblarz";"ŁAPACZ MYŚLI";"201399286"
"2025-12-31";"R14";"36";"SMOG";"ŁAPACZ MYŚLI";"200938312"
"2025-12-31";"R14";"37";"Żelka";"ŁAPACZ MYŚLI";"199971983"
"2025-12-31";"R14";"38";"Tygrysek";"ŁAPACZ MYŚLI";"199457027"
"2025-12-31";"R14";"39";"ℤ ａｆｉｒａ";"ŁAPACZ MYŚLI";"198961085"
"2025-12-31";"R14";"40";"Klęcznik Pani Mysi";"ŁAPACZ MYŚLI";"198546640"
"2025-12-31";"R14";"41";"Xavius";"ŁAPACZ MYŚLI";"198506400"
"2025-12-31";"R14";"42";"stejsi";"ŁAPACZ MYŚLI";"198504075"
"2025-12-31";"R14";"43";"over86";"ŁAPACZ MYŚLI";"198437527"
"2025-12-31";"R14";"44";"STRAD";"ŁAPACZ MYŚLI";"197569742"
"2025-12-31";"R14";"45";"Ojek 007";"ŁAPACZ MYŚLI";"197447017"
"2025-12-31";"R14";"46";"Gadzina";"ŁAPACZ MYŚLI";"197156072"
"2025-12-31";"R14";"47";"Kozik149";"ŁAPACZ MYŚLI";"193761673"
"2025-12-31";"R14";"48";"trecko";"ŁAPACZ MYŚLI";"192856795"
"2025-12-31";"R14";"49";"Levrone";"ŁAPACZ MYŚLI";"191653640"
"2025-12-31";"R14";"50";"Brzydall";"ŁAPACZ MYŚLI";"188999246"
"2025-12-31";"R14";"51";"The_Grim_Reaper";"ŁAPACZ MYŚLI";"188577356"
"2025-12-31";"R14";"52";"Ruito";"ŁAPACZ MYŚLI";"188126592"
"2025-12-31";"R14";"53";"IbisK";"ŁAPACZ MYŚLI";"187178011"
"2025-12-31";"R14";"54";"Tra La La";"ŁAPACZ MYŚLI";"185975302"
"2025-12-31";"R14";"55";"Rebus";"ŁAPACZ MYŚLI";"185571368"
"2025-12-31";"R14";"56";"Drakula";"ŁAPACZ MYŚLI";"184464861"
"2025-12-31";"R14";"57";"pawlik";"ŁAPACZ MYŚLI";"182848559"
"2025-12-31";"R14";"58";"Puchatka";"ŁAPACZ MYŚLI";"181714997"
"2025-12-31";"R14";"59";"GuFi";"ŁAPACZ MYŚLI";"180636944"
"2025-12-31";"R14";"60";"Sztywny Misza";"ŁAPACZ MYŚLI";"179579235"
"2025-12-31";"R14";"61";"kabanos";"ŁAPACZ MYŚLI";"178914940"
"2025-12-31";"R14";"62";"slawek2000";"ŁAPACZ MYŚLI";"176268732"
"2025-12-31";"R14";"63";"Pan Reddemon";"ŁAPACZ MYŚLI";"174755761"
"2025-12-31";"R14";"64";"Killermax";"ŁAPACZ MYŚLI";"174355977"
"2025-12-31";"R14";"65";"ηϵϑκατ";"ŁAPACZ MYŚLI";"172746860"
"2025-12-31";"R14";"66";"Walteer";"ŁAPACZ MYŚLI";"172445531"
"2025-12-31";"R14";"67";"Rodzynki w Serniku";"ŁAPACZ MYŚLI";"171854600"
"2025-12-31";"R14";"68";"King Bruce Franus";"ŁAPACZ MYŚLI";"170754517"
"2025-12-31";"R14";"69";"Crack";"ŁAPACZ MYŚLI";"169714350"
"2025-12-31";"R14";"70";"Defakto";"ŁAPACZ MYŚLI";"168797723"
"2025-12-31";"R14";"71";"pablo308";"ŁAPACZ MYŚLI";"166892659"
"2025-12-31";"R14";"72";"PabloEscobar";"SSAK";"165508734"
"2025-12-31";"R14";"73";"Jenot";"ŁAPACZ MYŚLI";"165001411"
"2025-12-31";"R14";"74";"Magia";"ŁAPACZ MYŚLI";"164682369"
"2025-12-31";"R14";"75";"San Escobar";"ŁAPACZ MYŚLI";"159875183"
"2025-12-31";"R14";"76";"vuko";"ŁAPACZ MYŚLI";"159280302"
"2025-12-31";"R14";"77";"Niezywa";"ŁAPACZ MYŚLI";"158475071"
"2025-12-31";"R14";"78";"Mózgg";"ŁAPACZ MYŚLI";"158258866"
"2025-12-31";"R14";"79";"Vill";"SSAK";"156801209"
"2025-12-31";"R14";"80";"Mathayus";"ŁAPACZ MYŚLI";"154503333"
"2025-12-31";"R14";"81";"Zajzajer";"ŁAPACZ MYŚLI";"148922479"
"2025-12-31";"R14";"82";"TERRAMOTO";"KULTYSTA";"146779923"
"2025-12-31";"R14";"83";"Camos";"ŁAPACZ MYŚLI";"146366371"
"2025-12-31";"R14";"84";"Vader666";"ŁAPACZ MYŚLI";"143763812"
"2025-12-31";"R14";"85";"Verkleidung";"ŁAPACZ MYŚLI";"143162655"
"2025-12-31";"R14";"86";"Muad";"SSAK";"141917489"
"2025-12-31";"R14";"87";"Cudack";"WŁADCA ZWIERZĄT";"141710360"
"2025-12-31";"R14";"88";"Shaalltear";"ŁAPACZ MYŚLI";"141576282"
"2025-12-31";"R14";"89";"Vaedok";"ŁAPACZ MYŚLI";"139797132"
"2025-12-31";"R14";"90";"PucMaster";"ŁAPACZ MYŚLI";"137949484"
"2025-12-31";"R14";"91";"QWERTY_2";"POTĘPIONY";"137135406"
"2025-12-31";"R14";"92";"carbon";"SSAK";"137090697"
"2025-12-31";"R14";"93";"luxon";"ŁAPACZ MYŚLI";"135257161"
"2025-12-31";"R14";"94";"Stadar";"ŁAPACZ MYŚLI";"135134083"
"2025-12-31";"R14";"95";"MasterMind88";"SSAK";"134904738"
"2025-12-31";"R14";"96";"Monstrazja";"WŁADCA ZWIERZĄT";"133062365"
"2025-12-31";"R14";"97";"Bossy";"KULTYSTA";"132476537"
"2025-12-31";"R14";"98";"lucky_boy";"SSAK";"132157297"
"2025-12-31";"R14";"99";"eto Boss";"SSAK";"128648956"
"2025-12-31";"R14";"100";"Blasfemia";"SSAK";"126294815"
"2025-12-31";"R14";"101";"Rockers";"ŁAPACZ MYŚLI";"126107657"
"2025-12-31";"R14";"102";"Jeanette Voerman";"ŁAPACZ MYŚLI";"125793911"
"2025-12-31";"R14";"103";"Cruzado";"ŁAPACZ MYŚLI";"125115838"
"2025-12-31";"R14";"104";"Kikuczijo";"SSAK";"124097511"
"2025-12-31";"R14";"105";"Wiewiórka";"SSAK";"123633000"
"2025-12-31";"R14";"106";"Redav";"WŁADCA ZWIERZĄT";"123489738"
"2025-12-31";"R14";"107";"Misiek-09";"POTĘPIONY";"123235680"
"2025-12-31";"R14";"108";"Arshem";"WŁADCA ZWIERZĄT";"122291893"
"2025-12-31";"R14";"109";"Pan ʷᶦᵉˡᵉᵇⁿʸ";"WŁADCA ZWIERZĄT";"122212830"
"2025-12-31";"R14";"110";"Electric Wizard";"ŁAPACZ MYŚLI";"121902427"
"2025-12-31";"R14";"111";"xAssasynx";"POTĘPIONY";"120555597"
"2025-12-31";"R14";"112";"pixel";"POTĘPIONY";"119980418"
"2025-12-31";"R14";"113";"Żelusia";"ŁAPACZ MYŚLI";"119804864"
"2025-12-31";"R14";"114";"Galvarino";"SSAK";"119482283"
"2025-12-31";"R14";"115";"Marcus1983";"SSAK";"118413478"
"2025-12-31";"R14";"116";"VIRION";"ŁAPACZ MYŚLI";"117969668"
"2025-12-31";"R14";"117";"Insanity";"ŁAPACZ MYŚLI";"117090233"
"2025-12-31";"R14";"118";"Pan Komurek";"ŁAPACZ MYŚLI";"116917788"
"2025-12-31";"R14";"119";"Black Lotus";"SSAK";"115954786"
"2025-12-31";"R14";"120";"Benkart";"ŁAPACZ MYŚLI";"111557885"
"2025-12-31";"R14";"121";"Great";"SSAK";"110833295"
"2025-12-31";"R14";"122";"Parkietowa";"SSAK";"110647424"
"2025-12-31";"R14";"123";"Twój Stary";"POTĘPIONY";"109745878"
"2025-12-31";"R14";"124";"barbarian";"POTĘPIONY";"108941313"
"2025-12-31";"R14";"125";"ZeitX";"SSAK";"107798333"
"2025-12-31";"R14";"126";"Ꮵⅇɭɭ๐๐๐ɫ";"ŁAPACZ MYŚLI";"106008639"
"2025-12-31";"R14";"127";"pkp";"ŁAPACZ MYŚLI";"105644348"
"2025-12-31";"R14";"128";"GRZMUCISLAW";"SSAK";"105593356"
"2025-12-31";"R14";"129";"Devlin";"ŁAPACZ MYŚLI";"103158519"
"2025-12-31";"R14";"130";"Model";"ŁAPACZ MYŚLI";"101235614"
"2025-12-31";"R14";"131";"Xargo";"ŁAPACZ MYŚLI";"100984346"
"2025-12-31";"R14";"132";"galanonim";"SSAK";"100372310"
"2025-12-31";"R14";"133";"Spartacus";"ŁAPACZ MYŚLI";"94647415"
"2025-12-31";"R14";"134";"Miguś";"SSAK";"94038354"
"2025-12-31";"R14";"135";"PszeNik";"POTĘPIONY";"93872757"
"2025-12-31";"R14";"136";"Skun";"WŁADCA ZWIERZĄT";"93672454"
"2025-12-31";"R14";"137";"beblok";"ŁAPACZ MYŚLI";"92744887"
"2025-12-31";"R14";"138";"Baniok";"KULTYSTA";"88820261"
"2025-12-31";"R14";"139";"gigu";"SSAK";"85007423"
"2025-12-31";"R14";"140";"Eilif77";"SSAK";"82228383"
"2025-12-31";"R14";"141";"Cacan";"SSAK";"80984102"
"2025-12-31";"R14";"142";"Choi";"ŁAPACZ MYŚLI";"79951857"
"2025-12-31";"R14";"143";"Hyperion";"WŁADCA ZWIERZĄT";"76543529"
"2025-12-31";"R14";"144";"Tsu";"ŁAPACZ MYŚLI";"75707976"
"2025-12-31";"R14";"145";"adams";"WŁADCA ZWIERZĄT";"74199134"
"2025-12-31";"R14";"146";"bza";"ŁAPACZ MYŚLI";"73767041"
"2025-12-31";"R14";"147";"Dragomira";"SSAK";"72462978"
"2025-12-31";"R14";"148";"złomek";"WŁADCA ZWIERZĄT";"70509199"
"2025-12-31";"R14";"149";"Enceladus";"SSAK";"70288584"
"2025-12-31";"R14";"150";"Sandro";"ŁAPACZ MYŚLI";"70233966"
"2025-12-31";"R14";"151";"Grimm";"SSAK";"69689688"
"2025-12-31";"R14";"152";"FortySeeker";"ŁAPACZ MYŚLI";"68568883"
"2025-12-31";"R14";"153";"Citek";"ŁAPACZ MYŚLI";"67996127"
"2025-12-31";"R14";"154";"Wais77";"WŁADCA ZWIERZĄT";"67334225"
"2025-12-31";"R14";"155";"LastOne";"ŁAPACZ MYŚLI";"66887621"
"2025-12-31";"R14";"156";"Przemo";"ŁAPACZ MYŚLI";"66691303"
"2025-12-31";"R14";"157";"wampik-dropik";"ŁAPACZ MYŚLI";"66429475"
"2025-12-31";"R14";"158";"Clover";"POTĘPIONY";"66371264"
"2025-12-31";"R14";"159";"odom";"WŁADCA ZWIERZĄT";"64623691"
"2025-12-31";"R14";"160";"Glowass";"ŁAPACZ MYŚLI";"64110543"
"2025-12-31";"R14";"161";"Jester";"SSAK";"63750131"
"2025-12-31";"R14";"162";"Tohal";"ŁAPACZ MYŚLI";"62176117"
"2025-12-31";"R14";"163";"zuzia";"SSAK";"62136777"
"2025-12-31";"R14";"164";"Silesian";"SSAK";"60075994"
"2025-12-31";"R14";"165";"Liver";"ŁAPACZ MYŚLI";"59240764"
"2025-12-31";"R14";"166";"Bad";"SSAK";"59204705"
"2025-12-31";"R14";"167";"Figo";"ŁAPACZ MYŚLI";"57513547"
"2025-12-31";"R14";"168";"Sujatus";"SSAK";"56381272"
"2025-12-31";"R14";"169";"Lopezzo";"SSAK";"56336248"
"2025-12-31";"R14";"170";"YaLuz";"SSAK";"56226150"
"2025-12-31";"R14";"171";"H E R O";"SSAK";"55578977"
"2025-12-31";"R14";"172";"Cyngiel";"ŁAPACZ MYŚLI";"53518659"
"2025-12-31";"R14";"173";"ivi1987";"POTĘPIONY";"53487371"
"2025-12-31";"R14";"174";"Nefthis";"ŁAPACZ MYŚLI";"53351463"
"2025-12-31";"R14";"175";"Marqus";"SSAK";"52528909"
"2025-12-31";"R14";"176";"Pan O K R U S Z E K";"SSAK";"52266853"
"2025-12-31";"R14";"177";"qqrydza121";"SSAK";"51767438"
"2025-12-31";"R14";"178";"Yogi";"POTĘPIONY";"51705760"
"2025-12-31";"R14";"179";"Amnezja";"ŁAPACZ MYŚLI";"49331389"
"2025-12-31";"R14";"180";"Skip";"SSAK";"48458129"
"2025-12-31";"R14";"181";"Sztych";"KULTYSTA";"48021045"
"2025-12-31";"R14";"182";"Anonimowy";"SSAK";"47336711"
"2025-12-31";"R14";"183";"ThingXx";"ŁAPACZ MYŚLI";"47036966"
"2025-12-31";"R14";"184";"Rhealund";"SSAK";"46775836"
"2025-12-31";"R14";"185";"Zylarion";"ŁAPACZ MYŚLI";"45481591"
"2025-12-31";"R14";"186";"Klos3k";"ŁAPACZ MYŚLI";"45275647"
"2025-12-31";"R14";"187";"gregor sunday";"SSAK";"43353069"
"2025-12-31";"R14";"188";"BARWOJ";"SSAK";"41917400"
"2025-12-31";"R14";"189";"Bastard Rycerski";"SSAK";"40906380"
"2025-12-31";"R14";"190";"Przechrzta";"ŁAPACZ MYŚLI";"40768749"
"2025-12-31";"R14";"191";"HurryUp";"SSAK";"40258012"
"2025-12-31";"R14";"192";"piastowski browar";"KULTYSTA";"39968823"
"2025-12-31";"R14";"193";"MEGA Radio";"ŁAPACZ MYŚLI";"39754607"
"2025-12-31";"R14";"194";"Sathis";"ŁAPACZ MYŚLI";"39200367"
"2025-12-31";"R14";"195";"megalla";"POTĘPIONY";"39166510"
"2025-12-31";"R14";"196";"Mors TuaVita Mea";"POTĘPIONY";"38910131"
"2025-12-31";"R14";"197";"Tharkun";"SSAK";"38305629"
"2025-12-31";"R14";"198";"mac";"WŁADCA ZWIERZĄT";"38305243"
"2025-12-31";"R14";"199";"Guzz";"ŁAPACZ MYŚLI";"38117225"
"2025-12-31";"R14";"200";"sn0ke";"SSAK";"37826874"
